Catherine,624,161,205,354,scene00100.jpg,952,540
Catherine,592,169,246,347,scene00101.jpg,952,540
Catherine,579,169,254,354,scene00102.jpg,952,540
Catherine,587,191,242,326,scene00103.jpg,952,540
Catherine,583,189,246,324,scene00104.jpg,952,540
Catherine,579,198,256,321,scene00105.jpg,952,540
Catherine,581,218,236,303,scene00106.jpg,952,540
Catherine,571,257,243,248,scene00107.jpg,952,540
Catherine,570,259,251,243,scene00108.jpg,952,540
Catherine,574,271,205,230,scene00109.jpg,952,540
Catherine,564,273,226,234,scene00110.jpg,952,540
Catherine,568,287,215,214,scene00111.jpg,952,540
Catherine,564,302,224,202,scene00112.jpg,952,540
Catherine,562,322,238,181,scene00113.jpg,952,540
Catherine,568,311,186,171,scene00114.jpg,952,540
Catherine,567,327,210,162,scene00116.jpg,952,540
Catherine,842,119,105,176,scene00264.jpg,952,540
Catherine,837,102,114,217,scene00265.jpg,952,540
Catherine,829,127,118,189,scene00267.jpg,952,540
Catherine,808,116,127,312,scene00285.jpg,952,540
Catherine,809,126,134,322,scene00286.jpg,952,540
Catherine,803,112,139,361,scene00288.jpg,952,540
Catherine,805,117,138,357,scene00289.jpg,952,540
Catherine,798,46,144,449,scene00290.jpg,952,540
Catherine,784,85,157,406,scene00291.jpg,952,540
Catherine,782,59,170,437,scene00292.jpg,952,540
Catherine,791,52,152,464,scene00293.jpg,952,540
Catherine,779,51,172,463,scene00294.jpg,952,540
Catherine,792,61,160,475,scene00295.jpg,952,540
Catherine,781,61,160,472,scene00296.jpg,952,540
Catherine,781,71,170,463,scene00297.jpg,952,540
Catherine,764,83,178,453,scene00298.jpg,952,540
Catherine,767,91,177,444,scene00299.jpg,952,540
Catherine,785,102,156,436,scene00300.jpg,952,540
Catherine,761,124,183,409,scene00301.jpg,952,540
Catherine,755,115,195,421,scene00302.jpg,952,540
Catherine,749,144,202,396,scene00303.jpg,952,540
Catherine,753,138,190,310,scene00305.jpg,952,540
Catherine,760,152,163,271,scene00306.jpg,952,540
Catherine,772,169,180,296,scene00307.jpg,952,540
Catherine,773,149,170,289,scene00308.jpg,952,540
Catherine,821,203,131,336,scene00311.jpg,952,540
Catherine,810,204,132,290,scene00312.jpg,952,540
Catherine,807,225,134,302,scene00315.jpg,952,540
Catherine,799,267,140,249,scene00316.jpg,952,540
Catherine,845,287,104,248,scene00320.jpg,952,540
Catherine,688,5,137,120,scene00044.jpg,952,540
Catherine,687,3,137,130,scene00045.jpg,952,540
Catherine,668,3,165,142,scene00046.jpg,952,540
Catherine,663,5,156,153,scene00047.jpg,952,540
Catherine,667,5,173,164,scene00048.jpg,952,540
Catherine,668,3,166,183,scene00049.jpg,952,540
Catherine,649,2,180,194,scene00050.jpg,952,540
Catherine,660,3,169,201,scene00051.jpg,952,540
Catherine,658,3,185,219,scene00052.jpg,952,540
Catherine,655,3,175,230,scene00053.jpg,952,540
Catherine,650,6,181,238,scene00054.jpg,952,540
Catherine,645,1,190,248,scene00055.jpg,952,540
Catherine,650,5,182,259,scene00056.jpg,952,540
Catherine,645,2,188,275,scene00057.jpg,952,540
Catherine,655,9,178,276,scene00058.jpg,952,540
Catherine,641,6,199,286,scene00059.jpg,952,540
Catherine,648,6,187,296,scene00060.jpg,952,540
Catherine,642,6,198,306,scene00061.jpg,952,540
Catherine,631,7,205,321,scene00062.jpg,952,540
Catherine,628,3,216,335,scene00063.jpg,952,540
Catherine,637,3,206,339,scene00064.jpg,952,540
Catherine,633,4,210,345,scene00065.jpg,952,540
Catherine,624,4,218,351,scene00066.jpg,952,540
Catherine,640,6,193,359,scene00067.jpg,952,540
Catherine,620,4,221,363,scene00068.jpg,952,540
Catherine,615,5,212,373,scene00069.jpg,952,540
Catherine,625,20,199,375,scene00070.jpg,952,540
Catherine,621,0,184,395,scene00071.jpg,952,540
Catherine,617,4,197,392,scene00072.jpg,952,540
Catherine,616,3,184,404,scene00073.jpg,952,540
Catherine,612,4,195,402,scene00074.jpg,952,540
Catherine,611,3,218,410,scene00075.jpg,952,540
Catherine,623,4,183,417,scene00076.jpg,952,540
Catherine,617,16,186,407,scene00077.jpg,952,540
Catherine,607,20,195,416,scene00078.jpg,952,540
Catherine,597,16,203,430,scene00079.jpg,952,540
Catherine,593,36,210,413,scene00080.jpg,952,540
Catherine,595,34,223,422,scene00081.jpg,952,540
Catherine,594,55,234,408,scene00082.jpg,952,540
Catherine,604,77,234,391,scene00083.jpg,952,540
Catherine,605,86,247,391,scene00084.jpg,952,540
Catherine,610,92,245,394,scene00085.jpg,952,540
Catherine,612,116,229,375,scene00086.jpg,952,540
Catherine,620,123,220,382,scene00087.jpg,952,540
Catherine,625,131,202,382,scene00088.jpg,952,540
Catherine,629,127,201,395,scene00089.jpg,952,540
Catherine,630,129,183,405,scene00090.jpg,952,540
Catherine,622,116,204,423,scene00091.jpg,952,540
Catherine,621,98,207,437,scene00092.jpg,952,540
Catherine,604,98,244,428,scene00093.jpg,952,540
Catherine,601,117,221,416,scene00094.jpg,952,540
Catherine,607,128,224,390,scene00095.jpg,952,540
Catherine,590,134,260,379,scene00096.jpg,952,540
Catherine,609,142,243,375,scene00097.jpg,952,540
Catherine,600,167,235,334,scene00098.jpg,952,540
Catherine,603,173,241,320,scene00099.jpg,952,540
Dwayne,844,148,105,157,scene00185.jpg,952,540
Dwayne,839,142,111,156,scene00186.jpg,952,540
Dwayne,837,143,108,136,scene00187.jpg,952,540
Dwayne,830,134,114,134,scene00188.jpg,952,540
Dwayne,824,132,127,142,scene00189.jpg,952,540
Dwayne,817,122,128,160,scene00190.jpg,952,540
Dwayne,812,117,137,172,scene00191.jpg,952,540
Dwayne,803,121,142,172,scene00192.jpg,952,540
Dwayne,794,113,151,196,scene00193.jpg,952,540
Dwayne,789,115,156,200,scene00194.jpg,952,540
Dwayne,781,111,168,175,scene00195.jpg,952,540
Dwayne,772,117,175,200,scene00196.jpg,952,540
Dwayne,765,123,184,168,scene00197.jpg,952,540
Dwayne,759,128,190,158,scene00198.jpg,952,540
Dwayne,762,143,183,151,scene00199.jpg,952,540
Dwayne,759,154,186,122,scene00200.jpg,952,540
Dwayne,750,145,195,158,scene00201.jpg,952,540
Dwayne,744,155,203,141,scene00202.jpg,952,540
Dwayne,740,153,205,142,scene00203.jpg,952,540
Dwayne,737,161,207,153,scene00204.jpg,952,540
Dwayne,730,159,217,146,scene00205.jpg,952,540
Dwayne,721,164,226,141,scene00206.jpg,952,540
Dwayne,718,141,227,177,scene00207.jpg,952,540
Dwayne,713,163,234,152,scene00208.jpg,952,540
Dwayne,714,166,234,129,scene00209.jpg,952,540
Dwayne,712,176,232,128,scene00210.jpg,952,540
Dwayne,718,152,222,147,scene00211.jpg,952,540
Dwayne,717,165,226,143,scene00212.jpg,952,540
Dwayne,704,171,245,153,scene00213.jpg,952,540
Dwayne,719,172,228,152,scene00214.jpg,952,540
Dwayne,712,176,238,152,scene00215.jpg,952,540
Dwayne,718,182,229,156,scene00216.jpg,952,540
Dwayne,713,177,220,156,scene00217.jpg,952,540
Dwayne,711,181,232,155,scene00218.jpg,952,540
Dwayne,703,169,231,164,scene00219.jpg,952,540
Dwayne,699,168,229,157,scene00220.jpg,952,540
Dwayne,695,171,237,150,scene00221.jpg,952,540
Dwayne,701,177,216,132,scene00222.jpg,952,540
Dwayne,696,172,218,149,scene00223.jpg,952,540
Dwayne,690,176,233,137,scene00224.jpg,952,540
Dwayne,693,178,211,140,scene00225.jpg,952,540
Dwayne,694,172,205,146,scene00226.jpg,952,540
Dwayne,702,174,212,151,scene00227.jpg,952,540
Dwayne,729,177,168,149,scene00228.jpg,952,540
Dwayne,728,165,177,169,scene00229.jpg,952,540
Dwayne,725,181,177,146,scene00230.jpg,952,540
Dwayne,717,168,172,159,scene00231.jpg,952,540
Dwayne,729,173,172,153,scene00232.jpg,952,540
Dwayne,730,166,161,151,scene00233.jpg,952,540
Dwayne,743,169,141,158,scene00234.jpg,952,540
Dwayne,738,171,144,132,scene00235.jpg,952,540
Dwayne,737,169,155,136,scene00236.jpg,952,540
Dwayne,741,161,141,140,scene00237.jpg,952,540
Dwayne,740,151,137,146,scene00238.jpg,952,540
Dwayne,753,165,127,126,scene00239.jpg,952,540
Dwayne,761,182,112,113,scene00240.jpg,952,540
Dwayne,737,157,131,138,scene00241.jpg,952,540
Dwayne,714,145,174,187,scene00242.jpg,952,540
Dwayne,733,157,132,166,scene00243.jpg,952,540
Dwayne,731,159,134,142,scene00244.jpg,952,540
Dwayne,719,154,139,158,scene00245.jpg,952,540
Dwayne,711,152,141,171,scene00246.jpg,952,540
Dwayne,724,146,129,161,scene00247.jpg,952,540
Dwayne,734,164,121,137,scene00248.jpg,952,540
Dwayne,735,155,124,159,scene00249.jpg,952,540
Dwayne,720,149,152,174,scene00250.jpg,952,540
Dwayne,718,139,136,178,scene00251.jpg,952,540
Dwayne,709,137,155,185,scene00252.jpg,952,540
Dwayne,708,135,163,181,scene00253.jpg,952,540
Dwayne,705,136,163,173,scene00254.jpg,952,540
Dwayne,703,132,168,169,scene00255.jpg,952,540
Dwayne,719,137,135,169,scene00256.jpg,952,540
Dwayne,712,133,139,173,scene00257.jpg,952,540
Dwayne,718,128,145,184,scene00258.jpg,952,540
Dwayne,729,123,120,185,scene00259.jpg,952,540
Dwayne,695,121,170,200,scene00260.jpg,952,540
Dwayne,694,107,173,219,scene00261.jpg,952,540
Dwayne,699,95,168,231,scene00262.jpg,952,540
Dwayne,708,109,161,235,scene00263.jpg,952,540
Dwayne,707,136,140,211,scene00265.jpg,952,540
Dwayne,691,143,162,206,scene00266.jpg,952,540
Dwayne,688,139,167,192,scene00267.jpg,952,540
Dwayne,695,135,165,232,scene00268.jpg,952,540
Dwayne,690,140,153,216,scene00270.jpg,952,540
Dwayne,699,160,156,205,scene00271.jpg,952,540
Dwayne,695,146,154,243,scene00272.jpg,952,540
Dwayne,696,133,159,256,scene00273.jpg,952,540
Dwayne,693,148,161,237,scene00274.jpg,952,540
Dwayne,702,131,159,263,scene00275.jpg,952,540
Dwayne,698,118,157,286,scene00276.jpg,952,540
Dwayne,700,124,161,282,scene00277.jpg,952,540
Dwayne,679,108,191,310,scene00278.jpg,952,540
Dwayne,678,109,209,325,scene00279.jpg,952,540
Dwayne,687,115,197,319,scene00280.jpg,952,540
Dwayne,676,108,201,342,scene00281.jpg,952,540
Dwayne,677,143,224,328,scene00282.jpg,952,540
Dwayne,670,123,230,339,scene00283.jpg,952,540
Dwayne,681,124,208,350,scene00284.jpg,952,540
Dwayne,691,123,193,384,scene00285.jpg,952,540
Dwayne,687,130,188,361,scene00286.jpg,952,540
Dwayne,699,128,175,380,scene00287.jpg,952,540
Dwayne,698,131,179,375,scene00288.jpg,952,540
Dwayne,704,130,176,397,scene00289.jpg,952,540
Dwayne,707,132,165,390,scene00290.jpg,952,540
Dwayne,707,136,167,395,scene00291.jpg,952,540
Dwayne,719,132,154,395,scene00292.jpg,952,540
Dwayne,712,137,178,403,scene00293.jpg,952,540
Dwayne,697,145,186,393,scene00294.jpg,952,540
Dwayne,719,152,162,379,scene00295.jpg,952,540
Dwayne,709,154,174,386,scene00296.jpg,952,540
Dwayne,708,155,172,384,scene00297.jpg,952,540
Dwayne,715,173,166,362,scene00298.jpg,952,540
Dwayne,717,174,173,355,scene00299.jpg,952,540
Dwayne,718,157,165,376,scene00300.jpg,952,540
Dwayne,722,208,161,331,scene00301.jpg,952,540
Dwayne,714,213,170,327,scene00302.jpg,952,540
Dwayne,719,216,159,321,scene00303.jpg,952,540
Dwayne,348,439,95,98,scene00419.jpg,952,540
Dwayne,353,428,90,105,scene00420.jpg,952,540
Dwayne,335,414,112,122,scene00421.jpg,952,540
Dwayne,343,412,121,121,scene00422.jpg,952,540
Dwayne,315,397,142,137,scene00423.jpg,952,540
Dwayne,335,381,119,151,scene00424.jpg,952,540
Dwayne,330,378,136,157,scene00425.jpg,952,540
Dwayne,337,374,130,154,scene00426.jpg,952,540
Dwayne,332,362,143,170,scene00427.jpg,952,540
Dwayne,328,357,146,176,scene00428.jpg,952,540
Dwayne,330,359,159,173,scene00429.jpg,952,540
Dwayne,322,362,166,170,scene00430.jpg,952,540
Dwayne,332,356,172,171,scene00431.jpg,952,540
Dwayne,321,355,188,182,scene00432.jpg,952,540
Dwayne,323,354,196,181,scene00433.jpg,952,540
Dwayne,332,351,202,178,scene00434.jpg,952,540
Dwayne,331,352,210,184,scene00435.jpg,952,540
Dwayne,320,348,229,186,scene00436.jpg,952,540
Dwayne,315,349,240,184,scene00437.jpg,952,540
Dwayne,310,346,249,187,scene00438.jpg,952,540
Dwayne,313,348,254,184,scene00439.jpg,952,540
Dwayne,312,332,266,202,scene00440.jpg,952,540
Dwayne,307,331,274,201,scene00441.jpg,952,540
Dwayne,298,325,292,206,scene00442.jpg,952,540
Dwayne,298,328,299,206,scene00443.jpg,952,540
Dwayne,302,339,297,189,scene00444.jpg,952,540
Dwayne,303,323,306,205,scene00445.jpg,952,540
Dwayne,288,325,329,212,scene00447.jpg,952,540
Dwayne,302,328,321,197,scene00448.jpg,952,540
Dwayne,274,331,354,195,scene00449.jpg,952,540
Dwayne,232,318,399,215,scene00450.jpg,952,540
Dwayne,241,318,391,209,scene00451.jpg,952,540
Dwayne,239,313,404,211,scene00452.jpg,952,540
Dwayne,240,301,403,212,scene00453.jpg,952,540
Dwayne,249,300,410,206,scene00454.jpg,952,540
Dwayne,261,287,402,227,scene00456.jpg,952,540
Dwayne,240,260,389,229,scene00457.jpg,952,540
Dwayne,284,271,388,251,scene00458.jpg,952,540
Dwayne,309,273,373,236,scene00459.jpg,952,540
Dwayne,307,268,371,263,scene00460.jpg,952,540
Dwayne,312,267,377,262,scene00461.jpg,952,540
Dwayne,344,252,358,285,scene00463.jpg,952,540
Dwayne,395,248,311,284,scene00464.jpg,952,540
Dwayne,420,247,297,284,scene00465.jpg,952,540
Dwayne,419,235,308,291,scene00467.jpg,952,540
Dwayne,443,231,288,290,scene00468.jpg,952,540
Dwayne,431,222,299,309,scene00469.jpg,952,540
Dwayne,420,217,316,309,scene00470.jpg,952,540
Dwayne,419,205,315,332,scene00471.jpg,952,540
Dwayne,423,192,308,329,scene00472.jpg,952,540
Dwayne,413,176,326,332,scene00473.jpg,952,540
Dwayne,409,168,322,318,scene00474.jpg,952,540
Dwayne,428,158,310,327,scene00475.jpg,952,540
Dwayne,431,153,311,316,scene00476.jpg,952,540
Dwayne,449,136,291,343,scene00477.jpg,952,540
Dwayne,487,137,263,327,scene00478.jpg,952,540
Dwayne,482,124,270,361,scene00479.jpg,952,540
Dwayne,499,128,257,354,scene00480.jpg,952,540
Dwayne,505,111,256,372,scene00481.jpg,952,540
Dwayne,535,105,231,379,scene00482.jpg,952,540
Dwayne,550,86,215,408,scene00483.jpg,952,540
Dwayne,570,83,210,396,scene00484.jpg,952,540
Dwayne,595,69,199,408,scene00485.jpg,952,540
Dwayne,607,75,208,358,scene00486.jpg,952,540
Dwayne,604,78,208,308,scene00487.jpg,952,540
Dwayne,595,66,228,317,scene00488.jpg,952,540
Dwayne,601,65,232,324,scene00489.jpg,952,540
Dwayne,583,79,249,314,scene00490.jpg,952,540
Dwayne,587,71,257,287,scene00491.jpg,952,540
Dwayne,591,71,270,296,scene00492.jpg,952,540
Dwayne,582,61,281,295,scene00493.jpg,952,540
Dwayne,556,77,305,276,scene00494.jpg,952,540
Dwayne,541,47,337,286,scene00495.jpg,952,540
Dwayne,539,55,355,280,scene00496.jpg,952,540
Dwayne,527,54,366,280,scene00497.jpg,952,540
Dwayne,518,53,389,290,scene00498.jpg,952,540
Dwayne,555,76,360,215,scene00499.jpg,952,540
Dwayne,587,76,331,183,scene00500.jpg,952,540
Dwayne,565,62,359,213,scene00501.jpg,952,540
Dwayne,585,54,347,208,scene00502.jpg,952,540
Dwayne,591,53,344,248,scene00503.jpg,952,540
Dwayne,577,51,367,205,scene00504.jpg,952,540
Dwayne,596,63,346,201,scene00505.jpg,952,540
Dwayne,584,62,359,194,scene00506.jpg,952,540
Dwayne,582,66,366,181,scene00507.jpg,952,540
Dwayne,609,48,339,164,scene00508.jpg,952,540
Dwayne,598,50,348,174,scene00509.jpg,952,540
Dwayne,583,56,369,156,scene00510.jpg,952,540
Dwayne,571,53,380,194,scene00511.jpg,952,540
Dwayne,582,43,367,193,scene00512.jpg,952,540
Dwayne,580,51,372,168,scene00513.jpg,952,540
Dwayne,632,25,320,196,scene00514.jpg,952,540
Dwayne,615,33,333,184,scene00515.jpg,952,540
Dwayne,641,24,300,205,scene00516.jpg,952,540
Dwayne,634,31,317,200,scene00517.jpg,952,540
Dwayne,665,22,287,222,scene00518.jpg,952,540
Dwayne,687,25,263,257,scene00519.jpg,952,540
Dwayne,672,41,278,223,scene00520.jpg,952,540
Dwayne,683,29,267,209,scene00521.jpg,952,540
Dwayne,697,43,253,226,scene00522.jpg,952,540
Dwayne,694,15,256,233,scene00523.jpg,952,540
Dwayne,716,18,232,216,scene00524.jpg,952,540
Dwayne,703,13,247,254,scene00525.jpg,952,540
Dwayne,718,21,234,241,scene00526.jpg,952,540
Dwayne,732,22,216,261,scene00528.jpg,952,540
Dwayne,762,17,186,256,scene00529.jpg,952,540
Dwayne,754,28,193,257,scene00530.jpg,952,540
Dwayne,777,42,171,271,scene00533.jpg,952,540
Florence,354,259,276,247,scene00001.jpg,952,540
Florence,294,339,380,165,scene00010.jpg,952,540
Florence,352,371,309,131,scene00011.jpg,952,540
Florence,354,366,326,155,scene00012.jpg,952,540
Florence,357,362,313,158,scene00013.jpg,952,540
Florence,346,345,323,170,scene00014.jpg,952,540
Florence,324,348,370,175,scene00015.jpg,952,540
Florence,347,348,355,172,scene00016.jpg,952,540
Florence,351,312,354,215,scene00017.jpg,952,540
Florence,362,316,363,212,scene00018.jpg,952,540
Florence,365,317,359,216,scene00019.jpg,952,540
Florence,362,276,260,228,scene00002.jpg,952,540
Florence,369,329,361,203,scene00020.jpg,952,540
Florence,375,338,367,202,scene00021.jpg,952,540
Florence,359,326,381,208,scene00022.jpg,952,540
Florence,361,336,385,197,scene00023.jpg,952,540
Florence,363,344,383,190,scene00024.jpg,952,540
Florence,352,353,410,183,scene00025.jpg,952,540
Florence,370,355,382,181,scene00026.jpg,952,540
Florence,380,368,373,172,scene00027.jpg,952,540
Florence,352,384,418,154,scene00028.jpg,952,540
Florence,378,389,392,145,scene00029.jpg,952,540
Florence,355,282,273,217,scene00003.jpg,952,540
Florence,371,411,397,125,scene00030.jpg,952,540
Florence,374,414,385,121,scene00031.jpg,952,540
Florence,363,421,402,114,scene00032.jpg,952,540
Florence,375,417,382,119,scene00033.jpg,952,540
Florence,389,412,371,126,scene00034.jpg,952,540
Florence,385,407,372,130,scene00035.jpg,952,540
Florence,392,400,357,134,scene00036.jpg,952,540
Florence,388,401,359,135,scene00037.jpg,952,540
Florence,394,401,344,139,scene00038.jpg,952,540
Florence,408,405,340,128,scene00039.jpg,952,540
Florence,337,289,300,214,scene00004.jpg,952,540
Florence,398,403,341,132,scene00040.jpg,952,540
Florence,408,404,326,136,scene00041.jpg,952,540
Florence,406,404,322,131,scene00042.jpg,952,540
Florence,411,406,317,131,scene00043.jpg,952,540
Florence,411,433,324,101,scene00044.jpg,952,540
Florence,852,428,99,107,scene00446.jpg,952,540
Florence,847,426,101,109,scene00447.jpg,952,540
Florence,847,431,102,103,scene00448.jpg,952,540
Florence,838,422,112,112,scene00449.jpg,952,540
Florence,412,421,322,115,scene00045.jpg,952,540
Florence,828,429,123,107,scene00450.jpg,952,540
Florence,817,425,135,110,scene00451.jpg,952,540
Florence,810,418,138,116,scene00452.jpg,952,540
Florence,803,408,145,127,scene00453.jpg,952,540
Florence,804,414,151,122,scene00454.jpg,952,540
Florence,792,406,160,130,scene00455.jpg,952,540
Florence,783,404,161,131,scene00456.jpg,952,540
Florence,778,399,170,130,scene00457.jpg,952,540
Florence,773,392,174,140,scene00458.jpg,952,540
Florence,762,387,187,148,scene00459.jpg,952,540
Florence,419,435,313,100,scene00046.jpg,952,540
Florence,752,383,198,150,scene00460.jpg,952,540
Florence,743,375,206,161,scene00461.jpg,952,540
Florence,735,375,210,157,scene00462.jpg,952,540
Florence,723,367,225,169,scene00463.jpg,952,540
Florence,725,355,223,181,scene00464.jpg,952,540
Florence,709,359,242,177,scene00465.jpg,952,540
Florence,707,363,241,174,scene00466.jpg,952,540
Florence,695,364,253,168,scene00467.jpg,952,540
Florence,682,363,264,169,scene00468.jpg,952,540
Florence,678,363,267,171,scene00469.jpg,952,540
Florence,412,423,326,117,scene00047.jpg,952,540
Florence,664,358,284,175,scene00470.jpg,952,540
Florence,659,355,288,181,scene00471.jpg,952,540
Florence,642,358,305,175,scene00472.jpg,952,540
Florence,642,357,298,171,scene00473.jpg,952,540
Florence,628,347,321,188,scene00474.jpg,952,540
Florence,621,357,318,175,scene00475.jpg,952,540
Florence,607,356,326,181,scene00476.jpg,952,540
Florence,601,346,330,185,scene00477.jpg,952,540
Florence,596,355,341,171,scene00478.jpg,952,540
Florence,582,355,359,172,scene00479.jpg,952,540
Florence,409,431,323,105,scene00048.jpg,952,540
Florence,570,361,364,164,scene00480.jpg,952,540
Florence,571,361,368,172,scene00481.jpg,952,540
Florence,564,365,355,157,scene00482.jpg,952,540
Florence,539,374,391,128,scene00483.jpg,952,540
Florence,529,368,404,137,scene00484.jpg,952,540
Florence,528,372,407,129,scene00485.jpg,952,540
Florence,504,361,427,131,scene00486.jpg,952,540
Florence,499,348,413,144,scene00487.jpg,952,540
Florence,487,339,395,154,scene00488.jpg,952,540
Florence,484,327,406,167,scene00489.jpg,952,540
Florence,403,427,338,110,scene00049.jpg,952,540
Florence,473,335,380,157,scene00490.jpg,952,540
Florence,463,326,378,162,scene00491.jpg,952,540
Florence,451,316,384,179,scene00492.jpg,952,540
Florence,447,311,374,174,scene00493.jpg,952,540
Florence,437,306,380,169,scene00494.jpg,952,540
Florence,421,297,378,191,scene00495.jpg,952,540
Florence,407,292,368,217,scene00496.jpg,952,540
Florence,401,283,356,222,scene00497.jpg,952,540
Florence,388,278,365,235,scene00498.jpg,952,540
Florence,383,273,347,234,scene00499.jpg,952,540
Florence,334,307,298,194,scene00005.jpg,952,540
Florence,409,426,318,112,scene00050.jpg,952,540
Florence,368,262,356,247,scene00500.jpg,952,540
Florence,348,249,345,259,scene00501.jpg,952,540
Florence,352,245,330,256,scene00502.jpg,952,540
Florence,339,237,343,270,scene00503.jpg,952,540
Florence,330,236,332,265,scene00504.jpg,952,540
Florence,315,227,320,264,scene00505.jpg,952,540
Florence,314,215,335,270,scene00506.jpg,952,540
Florence,304,212,331,260,scene00507.jpg,952,540
Florence,298,204,321,253,scene00508.jpg,952,540
Florence,291,193,324,274,scene00509.jpg,952,540
Florence,406,422,317,118,scene00051.jpg,952,540
Florence,278,186,325,258,scene00510.jpg,952,540
Florence,281,176,320,251,scene00511.jpg,952,540
Florence,272,164,305,277,scene00512.jpg,952,540
Florence,269,156,301,269,scene00513.jpg,952,540
Florence,280,137,287,245,scene00514.jpg,952,540
Florence,285,117,305,281,scene00515.jpg,952,540
Florence,282,107,262,256,scene00516.jpg,952,540
Florence,284,99,249,254,scene00517.jpg,952,540
Florence,278,89,233,273,scene00518.jpg,952,540
Florence,283,83,218,292,scene00519.jpg,952,540
Florence,404,432,317,107,scene00052.jpg,952,540
Florence,269,71,201,313,scene00520.jpg,952,540
Florence,260,62,198,325,scene00521.jpg,952,540
Florence,261,55,180,344,scene00522.jpg,952,540
Florence,261,36,156,353,scene00523.jpg,952,540
Florence,253,28,148,355,scene00524.jpg,952,540
Florence,245,24,152,354,scene00525.jpg,952,540
Florence,252,16,128,350,scene00526.jpg,952,540
Florence,245,6,138,346,scene00527.jpg,952,540
Florence,241,3,150,339,scene00528.jpg,952,540
Florence,245,6,160,320,scene00529.jpg,952,540
Florence,234,3,164,309,scene00530.jpg,952,540
Florence,239,4,165,285,scene00531.jpg,952,540
Florence,238,6,162,277,scene00532.jpg,952,540
Florence,245,4,178,302,scene00533.jpg,952,540
Florence,241,4,142,250,scene00534.jpg,952,540
Florence,249,7,114,241,scene00535.jpg,952,540
Florence,242,4,145,252,scene00536.jpg,952,540
Florence,421,447,282,88,scene00054.jpg,952,540
Florence,424,441,283,99,scene00055.jpg,952,540
Florence,323,318,318,179,scene00006.jpg,952,540
Florence,308,334,325,166,scene00007.jpg,952,540
Florence,302,337,351,167,scene00008.jpg,952,540
Florence,312,356,340,153,scene00009.jpg,952,540
Humphrey,882,164,69,252,scene00019.jpg,952,540
Humphrey,887,158,60,263,scene00020.jpg,952,540
Humphrey,877,179,72,252,scene00021.jpg,952,540
Humphrey,878,191,69,253,scene00022.jpg,952,540
Humphrey,869,187,79,247,scene00023.jpg,952,540
Humphrey,864,205,83,236,scene00024.jpg,952,540
Humphrey,879,211,65,270,scene00025.jpg,952,540
Humphrey,869,206,79,251,scene00026.jpg,952,540
Humphrey,860,9,91,122,scene00264.jpg,952,540
Humphrey,841,22,111,126,scene00265.jpg,952,540
Humphrey,851,3,100,165,scene00269.jpg,952,540
Humphrey,865,207,78,277,scene00027.jpg,952,540
Humphrey,850,1,99,187,scene00271.jpg,952,540
Humphrey,861,3,87,214,scene00272.jpg,952,540
Humphrey,832,2,113,202,scene00273.jpg,952,540
Humphrey,837,6,111,209,scene00274.jpg,952,540
Humphrey,834,6,115,218,scene00275.jpg,952,540
Humphrey,840,8,102,220,scene00276.jpg,952,540
Humphrey,849,3,95,244,scene00277.jpg,952,540
Humphrey,848,0,102,247,scene00278.jpg,952,540
Humphrey,839,5,108,242,scene00279.jpg,952,540
Humphrey,868,212,80,257,scene00028.jpg,952,540
Humphrey,853,6,96,256,scene00280.jpg,952,540
Humphrey,850,4,97,251,scene00281.jpg,952,540
Humphrey,852,2,98,256,scene00282.jpg,952,540
Humphrey,823,10,103,263,scene00283.jpg,952,540
Humphrey,857,9,87,256,scene00284.jpg,952,540
Humphrey,851,6,97,270,scene00285.jpg,952,540
Humphrey,869,7,83,275,scene00286.jpg,952,540
Humphrey,858,3,89,278,scene00287.jpg,952,540
Humphrey,864,5,83,273,scene00288.jpg,952,540
Humphrey,852,4,98,272,scene00289.jpg,952,540
Humphrey,864,221,84,251,scene00029.jpg,952,540
Humphrey,839,2,110,256,scene00290.jpg,952,540
Humphrey,840,7,110,266,scene00291.jpg,952,540
Humphrey,838,5,114,276,scene00292.jpg,952,540
Humphrey,821,4,128,268,scene00293.jpg,952,540
Humphrey,801,2,149,264,scene00294.jpg,952,540
Humphrey,819,2,130,270,scene00296.jpg,952,540
Humphrey,831,5,120,258,scene00297.jpg,952,540
Humphrey,831,3,118,273,scene00298.jpg,952,540
Humphrey,829,7,121,249,scene00299.jpg,952,540
Humphrey,870,222,79,262,scene00030.jpg,952,540
Humphrey,860,25,90,282,scene00300.jpg,952,540
Humphrey,828,21,124,264,scene00301.jpg,952,540
Humphrey,818,46,130,233,scene00302.jpg,952,540
Humphrey,807,52,142,222,scene00303.jpg,952,540
Humphrey,859,237,89,252,scene00031.jpg,952,540
Humphrey,862,188,83,307,scene00032.jpg,952,540
Humphrey,854,217,94,281,scene00033.jpg,952,540
Humphrey,841,209,105,290,scene00034.jpg,952,540
Humphrey,838,191,110,324,scene00035.jpg,952,540
Humphrey,828,237,117,267,scene00036.jpg,952,540
Humphrey,821,285,123,236,scene00037.jpg,952,540
Humphrey,811,244,140,271,scene00038.jpg,952,540
Humphrey,795,308,156,215,scene00039.jpg,952,540
Humphrey,751,467,89,69,scene00397.jpg,952,540
Humphrey,741,459,97,79,scene00398.jpg,952,540
Humphrey,744,457,91,79,scene00399.jpg,952,540
Humphrey,799,314,147,215,scene00040.jpg,952,540
Humphrey,745,447,95,87,scene00400.jpg,952,540
Humphrey,723,434,116,103,scene00401.jpg,952,540
Humphrey,718,422,121,113,scene00402.jpg,952,540
Humphrey,714,414,120,121,scene00403.jpg,952,540
Humphrey,714,411,115,125,scene00404.jpg,952,540
Humphrey,705,398,125,136,scene00405.jpg,952,540
Humphrey,711,387,111,147,scene00406.jpg,952,540
Humphrey,703,377,151,156,scene00407.jpg,952,540
Humphrey,702,366,133,169,scene00408.jpg,952,540
Humphrey,697,353,132,179,scene00409.jpg,952,540
Humphrey,793,315,152,218,scene00041.jpg,952,540
Humphrey,699,337,114,199,scene00410.jpg,952,540
Humphrey,704,325,100,209,scene00411.jpg,952,540
Humphrey,699,312,119,221,scene00412.jpg,952,540
Humphrey,701,311,108,222,scene00413.jpg,952,540
Humphrey,688,299,113,230,scene00414.jpg,952,540
Humphrey,685,288,122,243,scene00415.jpg,952,540
Humphrey,678,275,125,258,scene00416.jpg,952,540
Humphrey,680,268,127,265,scene00417.jpg,952,540
Humphrey,672,249,133,283,scene00418.jpg,952,540
Humphrey,671,249,131,280,scene00419.jpg,952,540
Humphrey,797,334,150,194,scene00042.jpg,952,540
Humphrey,672,243,125,290,scene00420.jpg,952,540
Humphrey,667,227,134,302,scene00421.jpg,952,540
Humphrey,670,216,144,315,scene00422.jpg,952,540
Humphrey,671,207,144,321,scene00423.jpg,952,540
Humphrey,674,191,143,336,scene00424.jpg,952,540
Humphrey,669,177,158,358,scene00425.jpg,952,540
Humphrey,665,167,165,362,scene00426.jpg,952,540
Humphrey,661,168,169,338,scene00427.jpg,952,540
Humphrey,654,165,171,317,scene00428.jpg,952,540
Humphrey,649,162,178,311,scene00429.jpg,952,540
Humphrey,798,324,150,213,scene00043.jpg,952,540
Humphrey,664,159,149,303,scene00430.jpg,952,540
Humphrey,661,155,158,306,scene00431.jpg,952,540
Humphrey,658,145,167,316,scene00432.jpg,952,540
Humphrey,664,145,173,304,scene00433.jpg,952,540
Humphrey,667,139,181,304,scene00434.jpg,952,540
Humphrey,654,135,199,289,scene00435.jpg,952,540
Humphrey,643,132,219,284,scene00436.jpg,952,540
Humphrey,644,122,225,284,scene00437.jpg,952,540
Humphrey,637,112,243,289,scene00438.jpg,952,540
Humphrey,638,112,247,262,scene00439.jpg,952,540
Humphrey,793,337,156,197,scene00044.jpg,952,540
Humphrey,634,102,257,265,scene00440.jpg,952,540
Humphrey,630,93,274,263,scene00441.jpg,952,540
Humphrey,620,88,292,255,scene00442.jpg,952,540
Humphrey,625,81,287,258,scene00443.jpg,952,540
Humphrey,621,75,302,251,scene00444.jpg,952,540
Humphrey,633,76,298,230,scene00445.jpg,952,540
Humphrey,641,61,297,242,scene00446.jpg,952,540
Humphrey,640,56,308,232,scene00447.jpg,952,540
Humphrey,647,53,297,251,scene00448.jpg,952,540
Humphrey,648,57,301,236,scene00449.jpg,952,540
Humphrey,784,362,163,175,scene00045.jpg,952,540
Humphrey,657,55,290,233,scene00450.jpg,952,540
Humphrey,655,42,290,243,scene00451.jpg,952,540
Humphrey,690,36,257,251,scene00452.jpg,952,540
Humphrey,694,33,252,238,scene00453.jpg,952,540
Humphrey,691,32,254,233,scene00454.jpg,952,540
Humphrey,689,21,258,238,scene00455.jpg,952,540
Humphrey,710,22,236,241,scene00456.jpg,952,540
Humphrey,708,25,241,230,scene00457.jpg,952,540
Humphrey,704,22,245,227,scene00458.jpg,952,540
Humphrey,725,21,227,221,scene00459.jpg,952,540
Humphrey,778,355,169,181,scene00046.jpg,952,540
Humphrey,760,15,188,204,scene00462.jpg,952,540
Humphrey,773,19,176,192,scene00463.jpg,952,540
Humphrey,777,26,171,177,scene00464.jpg,952,540
Humphrey,734,78,166,159,scene00465.jpg,952,540
Humphrey,791,32,160,162,scene00466.jpg,952,540
Humphrey,781,33,169,148,scene00467.jpg,952,540
Humphrey,782,36,168,140,scene00468.jpg,952,540
Humphrey,787,355,163,180,scene00047.jpg,952,540
Humphrey,772,356,177,182,scene00048.jpg,952,540
Humphrey,775,357,173,180,scene00049.jpg,952,540
Humphrey,775,353,173,184,scene00050.jpg,952,540
Humphrey,778,343,174,194,scene00051.jpg,952,540
Humphrey,773,356,171,179,scene00052.jpg,952,540
Humphrey,795,354,147,182,scene00053.jpg,952,540
Humphrey,764,348,185,185,scene00054.jpg,952,540
Humphrey,750,349,202,187,scene00055.jpg,952,540
Humphrey,760,345,184,190,scene00056.jpg,952,540
Humphrey,759,328,193,208,scene00058.jpg,952,540
Humphrey,762,352,155,178,scene00059.jpg,952,540
Humphrey,777,362,125,176,scene00060.jpg,952,540
Humphrey,773,346,127,193,scene00062.jpg,952,540
Humphrey,762,373,133,163,scene00063.jpg,952,540
Humphrey,769,373,134,165,scene00064.jpg,952,540
Humphrey,759,398,125,140,scene00065.jpg,952,540
Humphrey,762,378,180,156,scene00069.jpg,952,540
Humphrey,743,402,174,134,scene00070.jpg,952,540
JP,342,408,140,132,scene00001.jpg,952,540
JP,301,391,169,149,scene00010.jpg,952,540
JP,17,96,144,370,scene00100.jpg,952,540
JP,17,93,162,370,scene00101.jpg,952,540
JP,10,93,174,355,scene00102.jpg,952,540
JP,12,103,189,339,scene00103.jpg,952,540
JP,19,117,192,319,scene00104.jpg,952,540
JP,18,115,202,311,scene00105.jpg,952,540
JP,7,102,231,332,scene00106.jpg,952,540
JP,10,145,234,273,scene00107.jpg,952,540
JP,2,156,252,273,scene00108.jpg,952,540
JP,3,174,256,235,scene00109.jpg,952,540
JP,308,385,140,152,scene00011.jpg,952,540
JP,3,228,260,195,scene00110.jpg,952,540
JP,4,251,266,171,scene00111.jpg,952,540
JP,8,277,272,154,scene00112.jpg,952,540
JP,4,281,283,141,scene00113.jpg,952,540
JP,8,289,291,143,scene00114.jpg,952,540
JP,2,291,308,105,scene00115.jpg,952,540
JP,0,289,313,135,scene00116.jpg,952,540
JP,5,285,306,152,scene00117.jpg,952,540
JP,5,302,314,109,scene00118.jpg,952,540
JP,0,278,332,151,scene00119.jpg,952,540
JP,304,381,146,158,scene00012.jpg,952,540
JP,0,301,333,106,scene00120.jpg,952,540
JP,0,294,341,114,scene00121.jpg,952,540
JP,4,267,333,147,scene00122.jpg,952,540
JP,3,277,339,133,scene00123.jpg,952,540
JP,10,288,353,125,scene00124.jpg,952,540
JP,7,293,352,101,scene00125.jpg,952,540
JP,2,283,391,125,scene00126.jpg,952,540
JP,2,271,366,140,scene00127.jpg,952,540
JP,13,284,365,120,scene00128.jpg,952,540
JP,6,271,366,137,scene00129.jpg,952,540
JP,295,369,155,171,scene00013.jpg,952,540
JP,4,267,375,140,scene00130.jpg,952,540
JP,1,272,389,149,scene00131.jpg,952,540
JP,2,255,385,152,scene00132.jpg,952,540
JP,0,264,394,125,scene00133.jpg,952,540
JP,3,263,399,129,scene00134.jpg,952,540
JP,2,258,422,139,scene00135.jpg,952,540
JP,2,265,406,126,scene00136.jpg,952,540
JP,4,263,418,125,scene00137.jpg,952,540
JP,7,234,428,159,scene00138.jpg,952,540
JP,4,253,427,123,scene00139.jpg,952,540
JP,297,372,135,168,scene00014.jpg,952,540
JP,30,242,401,140,scene00140.jpg,952,540
JP,42,223,405,170,scene00141.jpg,952,540
JP,58,207,400,211,scene00142.jpg,952,540
JP,72,222,400,180,scene00143.jpg,952,540
JP,85,226,387,180,scene00144.jpg,952,540
JP,93,226,381,172,scene00145.jpg,952,540
JP,90,231,399,162,scene00146.jpg,952,540
JP,98,235,402,142,scene00147.jpg,952,540
JP,91,236,408,136,scene00148.jpg,952,540
JP,100,229,417,129,scene00149.jpg,952,540
JP,299,362,141,176,scene00015.jpg,952,540
JP,101,229,420,142,scene00150.jpg,952,540
JP,113,235,412,118,scene00151.jpg,952,540
JP,125,223,416,155,scene00152.jpg,952,540
JP,117,221,430,153,scene00153.jpg,952,540
JP,131,228,426,147,scene00154.jpg,952,540
JP,135,216,430,178,scene00155.jpg,952,540
JP,147,218,413,164,scene00156.jpg,952,540
JP,170,222,400,173,scene00157.jpg,952,540
JP,181,225,391,176,scene00158.jpg,952,540
JP,183,228,390,181,scene00159.jpg,952,540
JP,295,359,136,178,scene00016.jpg,952,540
JP,194,232,383,172,scene00160.jpg,952,540
JP,204,211,386,195,scene00161.jpg,952,540
JP,212,221,383,196,scene00162.jpg,952,540
JP,215,211,385,220,scene00163.jpg,952,540
JP,231,212,373,211,scene00164.jpg,952,540
JP,241,205,368,230,scene00165.jpg,952,540
JP,260,199,352,243,scene00166.jpg,952,540
JP,261,189,363,257,scene00167.jpg,952,540
JP,264,181,371,283,scene00168.jpg,952,540
JP,282,177,342,280,scene00169.jpg,952,540
JP,285,346,145,190,scene00017.jpg,952,540
JP,294,182,334,285,scene00170.jpg,952,540
JP,304,175,328,302,scene00171.jpg,952,540
JP,302,173,321,312,scene00172.jpg,952,540
JP,302,184,321,311,scene00173.jpg,952,540
JP,305,188,320,323,scene00174.jpg,952,540
JP,322,195,303,324,scene00175.jpg,952,540
JP,334,202,287,332,scene00176.jpg,952,540
JP,347,199,273,332,scene00177.jpg,952,540
JP,353,193,267,339,scene00178.jpg,952,540
JP,372,193,257,341,scene00179.jpg,952,540
JP,282,352,150,183,scene00018.jpg,952,540
JP,388,191,243,343,scene00180.jpg,952,540
JP,407,192,228,342,scene00181.jpg,952,540
JP,419,194,220,341,scene00182.jpg,952,540
JP,424,182,214,357,scene00183.jpg,952,540
JP,438,185,196,350,scene00184.jpg,952,540
JP,456,201,180,331,scene00185.jpg,952,540
JP,468,199,163,336,scene00186.jpg,952,540
JP,468,205,163,329,scene00187.jpg,952,540
JP,475,212,159,327,scene00188.jpg,952,540
JP,465,207,170,326,scene00189.jpg,952,540
JP,281,346,158,186,scene00019.jpg,952,540
JP,463,222,170,311,scene00190.jpg,952,540
JP,469,228,171,307,scene00191.jpg,952,540
JP,484,241,137,291,scene00192.jpg,952,540
JP,493,242,102,293,scene00193.jpg,952,540
JP,341,415,129,123,scene00002.jpg,952,540
JP,272,343,156,195,scene00020.jpg,952,540
JP,279,341,139,192,scene00021.jpg,952,540
JP,263,339,152,195,scene00022.jpg,952,540
JP,261,335,153,201,scene00023.jpg,952,540
JP,255,335,157,199,scene00024.jpg,952,540
JP,249,331,173,204,scene00025.jpg,952,540
JP,241,332,176,202,scene00026.jpg,952,540
JP,239,324,185,210,scene00027.jpg,952,540
JP,229,324,196,210,scene00028.jpg,952,540
JP,215,318,212,214,scene00029.jpg,952,540
JP,345,418,136,122,scene00003.jpg,952,540
JP,223,317,192,215,scene00030.jpg,952,540
JP,214,306,197,223,scene00031.jpg,952,540
JP,212,314,200,218,scene00032.jpg,952,540
JP,201,302,218,234,scene00033.jpg,952,540
JP,203,297,209,238,scene00034.jpg,952,540
JP,190,291,221,249,scene00035.jpg,952,540
JP,182,286,216,248,scene00036.jpg,952,540
JP,182,288,217,241,scene00037.jpg,952,540
JP,175,285,219,252,scene00038.jpg,952,540
JP,177,276,229,254,scene00039.jpg,952,540
JP,332,411,145,128,scene00004.jpg,952,540
JP,168,284,230,252,scene00040.jpg,952,540
JP,171,273,217,254,scene00041.jpg,952,540
JP,161,268,231,265,scene00042.jpg,952,540
JP,159,273,232,261,scene00043.jpg,952,540
JP,150,268,241,267,scene00044.jpg,952,540
JP,149,267,244,267,scene00045.jpg,952,540
JP,851,226,100,118,scene00453.jpg,952,540
JP,839,223,113,115,scene00455.jpg,952,540
JP,834,228,114,121,scene00456.jpg,952,540
JP,833,196,114,158,scene00457.jpg,952,540
JP,139,266,244,272,scene00046.jpg,952,540
JP,807,211,142,130,scene00460.jpg,952,540
JP,792,212,154,121,scene00461.jpg,952,540
JP,780,208,166,129,scene00462.jpg,952,540
JP,781,201,168,131,scene00463.jpg,952,540
JP,767,193,183,144,scene00464.jpg,952,540
JP,758,188,191,147,scene00465.jpg,952,540
JP,750,183,198,143,scene00466.jpg,952,540
JP,745,189,207,146,scene00467.jpg,952,540
JP,733,167,215,160,scene00469.jpg,952,540
JP,137,261,241,268,scene00047.jpg,952,540
JP,727,156,224,160,scene00470.jpg,952,540
JP,718,158,230,168,scene00471.jpg,952,540
JP,727,148,222,173,scene00472.jpg,952,540
JP,715,139,235,185,scene00473.jpg,952,540
JP,715,124,235,200,scene00474.jpg,952,540
JP,660,137,240,216,scene00475.jpg,952,540
JP,702,108,246,222,scene00476.jpg,952,540
JP,700,102,245,223,scene00477.jpg,952,540
JP,691,87,255,248,scene00478.jpg,952,540
JP,698,85,246,253,scene00479.jpg,952,540
JP,131,255,249,279,scene00048.jpg,952,540
JP,697,87,244,259,scene00480.jpg,952,540
JP,698,78,253,279,scene00481.jpg,952,540
JP,702,62,247,315,scene00482.jpg,952,540
JP,697,47,251,318,scene00483.jpg,952,540
JP,712,47,237,324,scene00484.jpg,952,540
JP,714,43,233,304,scene00485.jpg,952,540
JP,717,36,232,311,scene00486.jpg,952,540
JP,713,31,234,310,scene00487.jpg,952,540
JP,713,14,215,319,scene00488.jpg,952,540
JP,695,8,220,333,scene00489.jpg,952,540
JP,123,245,260,290,scene00049.jpg,952,540
JP,679,12,223,339,scene00490.jpg,952,540
JP,690,7,179,344,scene00491.jpg,952,540
JP,691,9,165,327,scene00492.jpg,952,540
JP,700,5,133,351,scene00493.jpg,952,540
JP,688,1,136,357,scene00494.jpg,952,540
JP,697,0,108,337,scene00495.jpg,952,540
JP,697,0,107,319,scene00496.jpg,952,540
JP,330,403,143,133,scene00005.jpg,952,540
JP,117,242,254,291,scene00051.jpg,952,540
JP,112,238,258,298,scene00052.jpg,952,540
JP,102,238,271,298,scene00053.jpg,952,540
JP,105,237,265,295,scene00054.jpg,952,540
JP,98,230,280,301,scene00055.jpg,952,540
JP,91,225,276,306,scene00056.jpg,952,540
JP,87,223,282,306,scene00057.jpg,952,540
JP,87,221,275,308,scene00058.jpg,952,540
JP,85,211,277,317,scene00059.jpg,952,540
JP,324,404,148,134,scene00006.jpg,952,540
JP,80,207,274,319,scene00060.jpg,952,540
JP,77,204,274,331,scene00061.jpg,952,540
JP,73,202,272,315,scene00062.jpg,952,540
JP,67,198,275,317,scene00063.jpg,952,540
JP,67,195,273,320,scene00064.jpg,952,540
JP,62,193,271,318,scene00065.jpg,952,540
JP,58,184,267,324,scene00066.jpg,952,540
JP,55,183,265,322,scene00067.jpg,952,540
JP,50,178,270,319,scene00068.jpg,952,540
JP,51,172,267,326,scene00069.jpg,952,540
JP,312,402,161,138,scene00007.jpg,952,540
JP,51,172,262,327,scene00070.jpg,952,540
JP,41,169,263,323,scene00071.jpg,952,540
JP,31,174,269,308,scene00072.jpg,952,540
JP,15,179,267,296,scene00073.jpg,952,540
JP,2,178,259,293,scene00074.jpg,952,540
JP,2,178,246,299,scene00075.jpg,952,540
JP,2,185,239,288,scene00076.jpg,952,540
JP,9,170,229,288,scene00077.jpg,952,540
JP,14,182,244,260,scene00078.jpg,952,540
JP,2,171,251,260,scene00079.jpg,952,540
JP,312,395,153,143,scene00008.jpg,952,540
JP,3,195,251,232,scene00080.jpg,952,540
JP,9,201,249,190,scene00081.jpg,952,540
JP,4,187,274,201,scene00082.jpg,952,540
JP,1,169,307,236,scene00083.jpg,952,540
JP,0,164,300,251,scene00084.jpg,952,540
JP,4,177,297,220,scene00085.jpg,952,540
JP,4,180,286,204,scene00086.jpg,952,540
JP,5,181,277,228,scene00087.jpg,952,540
JP,4,174,263,253,scene00088.jpg,952,540
JP,11,161,245,280,scene00089.jpg,952,540
JP,303,392,157,144,scene00009.jpg,952,540
JP,15,164,239,263,scene00090.jpg,952,540
JP,13,142,237,297,scene00091.jpg,952,540
JP,18,138,223,293,scene00092.jpg,952,540
JP,17,140,211,302,scene00093.jpg,952,540
JP,19,134,191,308,scene00094.jpg,952,540
JP,5,119,177,328,scene00095.jpg,952,540
JP,3,99,157,350,scene00096.jpg,952,540
JP,7,103,148,350,scene00097.jpg,952,540
JP,4,92,151,365,scene00098.jpg,952,540
JP,4,95,157,359,scene00099.jpg,952,540
Jack,218,173,371,136,scene00001.jpg,952,540
Jack,269,151,376,194,scene00010.jpg,952,540
Jack,284,149,373,188,scene00011.jpg,952,540
Jack,297,153,353,191,scene00012.jpg,952,540
Jack,324,153,339,208,scene00013.jpg,952,540
Jack,324,153,345,201,scene00014.jpg,952,540
Jack,658,3,122,80,scene00147.jpg,952,540
Jack,649,4,133,83,scene00148.jpg,952,540
Jack,649,3,132,86,scene00149.jpg,952,540
Jack,345,141,334,206,scene00015.jpg,952,540
Jack,643,1,141,101,scene00150.jpg,952,540
Jack,632,3,148,95,scene00151.jpg,952,540
Jack,638,5,141,102,scene00152.jpg,952,540
Jack,622,4,162,110,scene00153.jpg,952,540
Jack,627,7,160,114,scene00154.jpg,952,540
Jack,623,1,169,114,scene00155.jpg,952,540
Jack,629,3,155,129,scene00156.jpg,952,540
Jack,628,4,144,130,scene00157.jpg,952,540
Jack,633,1,152,136,scene00158.jpg,952,540
Jack,623,4,155,140,scene00159.jpg,952,540
Jack,349,144,339,217,scene00016.jpg,952,540
Jack,625,2,163,150,scene00160.jpg,952,540
Jack,634,6,155,156,scene00161.jpg,952,540
Jack,620,5,180,161,scene00162.jpg,952,540
Jack,607,4,198,172,scene00163.jpg,952,540
Jack,624,2,180,174,scene00164.jpg,952,540
Jack,614,2,188,190,scene00165.jpg,952,540
Jack,617,4,176,199,scene00166.jpg,952,540
Jack,628,4,149,202,scene00167.jpg,952,540
Jack,619,4,155,205,scene00168.jpg,952,540
Jack,624,1,150,236,scene00169.jpg,952,540
Jack,369,133,333,225,scene00017.jpg,952,540
Jack,619,3,154,229,scene00170.jpg,952,540
Jack,630,1,141,242,scene00171.jpg,952,540
Jack,625,5,143,244,scene00172.jpg,952,540
Jack,620,5,133,256,scene00173.jpg,952,540
Jack,604,6,161,263,scene00174.jpg,952,540
Jack,613,8,147,265,scene00175.jpg,952,540
Jack,612,5,146,288,scene00176.jpg,952,540
Jack,605,7,156,282,scene00177.jpg,952,540
Jack,613,9,141,290,scene00178.jpg,952,540
Jack,597,5,155,302,scene00179.jpg,952,540
Jack,394,148,315,217,scene00018.jpg,952,540
Jack,597,10,154,312,scene00180.jpg,952,540
Jack,591,7,160,312,scene00181.jpg,952,540
Jack,595,8,152,325,scene00182.jpg,952,540
Jack,590,6,160,332,scene00183.jpg,952,540
Jack,583,4,161,340,scene00184.jpg,952,540
Jack,602,3,137,353,scene00185.jpg,952,540
Jack,573,9,164,350,scene00186.jpg,952,540
Jack,572,3,180,363,scene00187.jpg,952,540
Jack,564,6,193,371,scene00188.jpg,952,540
Jack,550,13,201,361,scene00189.jpg,952,540
Jack,402,156,311,218,scene00019.jpg,952,540
Jack,557,34,202,341,scene00190.jpg,952,540
Jack,542,19,200,358,scene00191.jpg,952,540
Jack,520,35,199,342,scene00192.jpg,952,540
Jack,500,46,222,329,scene00193.jpg,952,540
Jack,500,61,220,327,scene00194.jpg,952,540
Jack,489,78,233,323,scene00195.jpg,952,540
Jack,484,102,236,312,scene00196.jpg,952,540
Jack,463,117,260,294,scene00197.jpg,952,540
Jack,457,123,290,302,scene00198.jpg,952,540
Jack,439,145,319,301,scene00199.jpg,952,540
Jack,227,166,373,146,scene00002.jpg,952,540
Jack,398,143,325,234,scene00020.jpg,952,540
Jack,417,267,277,188,scene00200.jpg,952,540
Jack,421,273,262,198,scene00201.jpg,952,540
Jack,412,266,276,213,scene00202.jpg,952,540
Jack,399,244,273,250,scene00203.jpg,952,540
Jack,398,268,279,235,scene00204.jpg,952,540
Jack,392,278,282,245,scene00205.jpg,952,540
Jack,388,267,281,266,scene00206.jpg,952,540
Jack,380,274,280,264,scene00207.jpg,952,540
Jack,373,268,294,270,scene00208.jpg,952,540
Jack,368,265,292,273,scene00209.jpg,952,540
Jack,405,146,322,236,scene00021.jpg,952,540
Jack,357,272,297,262,scene00210.jpg,952,540
Jack,361,256,299,276,scene00211.jpg,952,540
Jack,352,272,287,257,scene00212.jpg,952,540
Jack,342,277,306,261,scene00213.jpg,952,540
Jack,340,308,309,223,scene00214.jpg,952,540
Jack,333,334,304,200,scene00215.jpg,952,540
Jack,343,353,276,182,scene00216.jpg,952,540
Jack,355,369,248,165,scene00217.jpg,952,540
Jack,362,356,231,165,scene00218.jpg,952,540
Jack,352,356,224,180,scene00219.jpg,952,540
Jack,391,155,338,230,scene00022.jpg,952,540
Jack,391,166,352,219,scene00023.jpg,952,540
Jack,384,172,359,225,scene00024.jpg,952,540
Jack,385,186,365,221,scene00025.jpg,952,540
Jack,383,189,376,220,scene00026.jpg,952,540
Jack,385,195,383,220,scene00027.jpg,952,540
Jack,388,208,375,212,scene00028.jpg,952,540
Jack,405,219,382,206,scene00029.jpg,952,540
Jack,233,172,373,141,scene00003.jpg,952,540
Jack,404,213,377,214,scene00030.jpg,952,540
Jack,414,208,383,218,scene00031.jpg,952,540
Jack,425,212,380,220,scene00032.jpg,952,540
Jack,437,199,374,230,scene00033.jpg,952,540
Jack,458,195,359,242,scene00034.jpg,952,540
Jack,465,191,364,241,scene00035.jpg,952,540
Jack,473,193,360,242,scene00036.jpg,952,540
Jack,488,194,360,255,scene00037.jpg,952,540
Jack,500,204,350,241,scene00038.jpg,952,540
Jack,883,188,69,167,scene00388.jpg,952,540
Jack,863,174,88,203,scene00389.jpg,952,540
Jack,494,211,364,220,scene00039.jpg,952,540
Jack,852,165,100,226,scene00390.jpg,952,540
Jack,834,152,118,217,scene00391.jpg,952,540
Jack,827,128,125,238,scene00392.jpg,952,540
Jack,815,111,135,226,scene00393.jpg,952,540
Jack,808,98,143,263,scene00394.jpg,952,540
Jack,802,71,150,268,scene00395.jpg,952,540
Jack,798,64,154,284,scene00396.jpg,952,540
Jack,792,55,158,293,scene00397.jpg,952,540
Jack,778,38,174,317,scene00398.jpg,952,540
Jack,767,17,185,341,scene00399.jpg,952,540
Jack,238,159,372,157,scene00004.jpg,952,540
Jack,493,223,378,224,scene00040.jpg,952,540
Jack,751,12,196,340,scene00400.jpg,952,540
Jack,743,6,181,340,scene00401.jpg,952,540
Jack,728,6,190,336,scene00402.jpg,952,540
Jack,721,4,163,314,scene00403.jpg,952,540
Jack,722,5,173,281,scene00404.jpg,952,540
Jack,720,4,191,270,scene00405.jpg,952,540
Jack,708,2,181,256,scene00406.jpg,952,540
Jack,492,229,385,222,scene00041.jpg,952,540
Jack,488,238,394,227,scene00042.jpg,952,540
Jack,474,253,408,219,scene00043.jpg,952,540
Jack,489,261,400,205,scene00044.jpg,952,540
Jack,521,246,369,219,scene00045.jpg,952,540
Jack,547,248,334,233,scene00046.jpg,952,540
Jack,564,256,325,223,scene00047.jpg,952,540
Jack,556,267,324,213,scene00048.jpg,952,540
Jack,567,283,323,190,scene00049.jpg,952,540
Jack,247,156,365,166,scene00005.jpg,952,540
Jack,569,285,331,191,scene00050.jpg,952,540
Jack,553,276,356,188,scene00051.jpg,952,540
Jack,555,269,362,190,scene00052.jpg,952,540
Jack,577,262,351,209,scene00053.jpg,952,540
Jack,589,262,349,214,scene00054.jpg,952,540
Jack,601,249,344,244,scene00055.jpg,952,540
Jack,608,248,339,256,scene00056.jpg,952,540
Jack,647,219,305,296,scene00058.jpg,952,540
Jack,652,231,300,290,scene00059.jpg,952,540
Jack,252,147,371,178,scene00006.jpg,952,540
Jack,672,227,280,269,scene00060.jpg,952,540
Jack,650,222,299,258,scene00061.jpg,952,540
Jack,660,203,292,254,scene00062.jpg,952,540
Jack,668,183,284,254,scene00063.jpg,952,540
Jack,664,188,285,248,scene00064.jpg,952,540
Jack,685,184,267,235,scene00065.jpg,952,540
Jack,713,159,239,265,scene00066.jpg,952,540
Jack,742,186,210,236,scene00067.jpg,952,540
Jack,762,142,185,301,scene00068.jpg,952,540
Jack,775,157,177,288,scene00069.jpg,952,540
Jack,260,156,365,179,scene00007.jpg,952,540
Jack,807,145,143,289,scene00070.jpg,952,540
Jack,271,157,362,181,scene00008.jpg,952,540
Jack,277,155,365,184,scene00009.jpg,952,540
Ruby,345,4,154,79,scene00132.jpg,952,540
Ruby,350,5,155,96,scene00133.jpg,952,540
Ruby,344,5,158,88,scene00134.jpg,952,540
Ruby,338,5,153,96,scene00135.jpg,952,540
Ruby,321,59,162,97,scene00136.jpg,952,540
Ruby,324,4,166,109,scene00137.jpg,952,540
Ruby,329,4,154,118,scene00138.jpg,952,540
Ruby,322,4,162,118,scene00139.jpg,952,540
Ruby,351,3,150,115,scene00140.jpg,952,540
Ruby,327,9,147,106,scene00141.jpg,952,540
Ruby,329,8,132,119,scene00142.jpg,952,540
Ruby,330,3,138,116,scene00143.jpg,952,540
Ruby,322,2,162,127,scene00144.jpg,952,540
Ruby,345,5,143,121,scene00145.jpg,952,540
Ruby,319,4,156,129,scene00146.jpg,952,540
Ruby,312,4,155,129,scene00147.jpg,952,540
Ruby,310,6,152,140,scene00148.jpg,952,540
Ruby,309,4,156,136,scene00149.jpg,952,540
Ruby,299,3,162,145,scene00150.jpg,952,540
Ruby,298,7,162,144,scene00151.jpg,952,540
Ruby,300,8,160,145,scene00152.jpg,952,540
Ruby,288,8,179,145,scene00153.jpg,952,540
Ruby,297,5,160,150,scene00154.jpg,952,540
Ruby,281,4,176,160,scene00155.jpg,952,540
Ruby,280,6,172,159,scene00156.jpg,952,540
Ruby,288,5,160,157,scene00157.jpg,952,540
Ruby,290,3,149,165,scene00158.jpg,952,540
Ruby,284,2,154,165,scene00159.jpg,952,540
Ruby,273,2,161,167,scene00160.jpg,952,540
Ruby,283,-1,169,167,scene00161.jpg,952,540
Ruby,259,3,192,163,scene00162.jpg,952,540
Ruby,252,4,185,167,scene00163.jpg,952,540
Ruby,253,5,192,167,scene00164.jpg,952,540
Ruby,253,1,190,174,scene00165.jpg,952,540
Ruby,254,1,181,168,scene00166.jpg,952,540
Ruby,276,17,180,169,scene00167.jpg,952,540
Ruby,255,5,169,158,scene00168.jpg,952,540
Ruby,262,2,162,157,scene00169.jpg,952,540
Ruby,255,5,175,154,scene00170.jpg,952,540
Ruby,263,1,160,170,scene00171.jpg,952,540
Ruby,261,1,162,165,scene00172.jpg,952,540
Ruby,253,4,156,165,scene00173.jpg,952,540
Ruby,260,4,152,172,scene00174.jpg,952,540
Ruby,262,5,155,162,scene00175.jpg,952,540
Ruby,268,3,155,165,scene00176.jpg,952,540
Ruby,265,2,157,146,scene00177.jpg,952,540
Ruby,265,4,157,144,scene00178.jpg,952,540
Ruby,268,5,163,157,scene00179.jpg,952,540
Ruby,270,6,167,142,scene00180.jpg,952,540
Ruby,275,4,173,160,scene00181.jpg,952,540
Ruby,290,4,161,152,scene00182.jpg,952,540
Ruby,280,6,182,146,scene00183.jpg,952,540
Ruby,278,8,173,146,scene00184.jpg,952,540
Ruby,294,4,154,150,scene00185.jpg,952,540
Ruby,297,4,156,158,scene00186.jpg,952,540
Ruby,290,2,152,161,scene00187.jpg,952,540
Ruby,283,2,160,173,scene00188.jpg,952,540
Ruby,297,4,151,161,scene00189.jpg,952,540
Ruby,285,5,165,152,scene00190.jpg,952,540
Ruby,300,5,149,149,scene00191.jpg,952,540
Ruby,277,6,183,148,scene00192.jpg,952,540
Ruby,284,4,181,152,scene00193.jpg,952,540
Ruby,291,5,169,150,scene00194.jpg,952,540
Ruby,280,3,200,152,scene00195.jpg,952,540
Ruby,279,3,180,154,scene00196.jpg,952,540
Ruby,268,5,191,158,scene00197.jpg,952,540
Ruby,270,6,191,146,scene00198.jpg,952,540
Ruby,270,5,189,157,scene00199.jpg,952,540
Ruby,271,3,190,160,scene00200.jpg,952,540
Ruby,263,6,206,159,scene00201.jpg,952,540
Ruby,283,18,207,175,scene00202.jpg,952,540
Ruby,261,16,209,160,scene00203.jpg,952,540
Ruby,254,5,220,161,scene00204.jpg,952,540
Ruby,252,6,223,168,scene00205.jpg,952,540
Ruby,241,3,241,168,scene00206.jpg,952,540
Ruby,239,4,245,164,scene00207.jpg,952,540
Ruby,231,5,252,168,scene00208.jpg,952,540
Ruby,222,8,266,154,scene00209.jpg,952,540
Ruby,209,5,276,169,scene00210.jpg,952,540
Ruby,209,5,286,172,scene00211.jpg,952,540
Ruby,187,11,308,162,scene00212.jpg,952,540
Ruby,190,17,308,157,scene00213.jpg,952,540
Ruby,200,17,305,147,scene00214.jpg,952,540
Ruby,215,6,294,160,scene00215.jpg,952,540
Ruby,232,4,285,164,scene00216.jpg,952,540
Ruby,240,2,285,167,scene00217.jpg,952,540
Ruby,238,7,296,162,scene00218.jpg,952,540
Ruby,224,4,317,170,scene00219.jpg,952,540
Ruby,219,12,332,157,scene00220.jpg,952,540
Ruby,209,5,353,161,scene00221.jpg,952,540
Ruby,202,4,365,155,scene00222.jpg,952,540
Ruby,202,8,378,143,scene00223.jpg,952,540
Ruby,191,4,399,134,scene00224.jpg,952,540
Ruby,203,7,399,157,scene00225.jpg,952,540
Ruby,218,11,396,140,scene00226.jpg,952,540
Ruby,220,12,396,133,scene00227.jpg,952,540
Ruby,239,5,390,146,scene00228.jpg,952,540
Ruby,251,9,389,142,scene00229.jpg,952,540
Ruby,267,26,395,120,scene00230.jpg,952,540
Ruby,263,3,399,134,scene00231.jpg,952,540
Ruby,270,6,410,112,scene00232.jpg,952,540
Ruby,294,5,386,112,scene00233.jpg,952,540
Ruby,300,4,389,119,scene00234.jpg,952,540
Ruby,316,6,390,118,scene00235.jpg,952,540
Ruby,327,12,387,112,scene00236.jpg,952,540
Ruby,347,8,383,130,scene00237.jpg,952,540
Ruby,359,5,398,128,scene00238.jpg,952,540
Ruby,374,7,381,118,scene00239.jpg,952,540
Ruby,369,4,405,115,scene00240.jpg,952,540
Ruby,393,9,389,110,scene00241.jpg,952,540
Ruby,407,8,393,103,scene00242.jpg,952,540
Ruby,419,6,391,103,scene00243.jpg,952,540
Ruby,427,3,404,105,scene00244.jpg,952,540
Ruby,438,8,405,97,scene00245.jpg,952,540
Ruby,455,4,397,93,scene00246.jpg,952,540
Ruby,461,6,410,97,scene00247.jpg,952,540
Ruby,482,4,403,103,scene00248.jpg,952,540
Ruby,491,3,400,99,scene00249.jpg,952,540
Ruby,509,5,392,100,scene00250.jpg,952,540
Ruby,518,2,400,103,scene00251.jpg,952,540
Ruby,525,6,397,95,scene00252.jpg,952,540
Ruby,542,6,375,96,scene00253.jpg,952,540
Ruby,558,5,374,93,scene00254.jpg,952,540
Ruby,568,5,380,84,scene00255.jpg,952,540
Ruby,573,8,368,97,scene00256.jpg,952,540
Ruby,599,4,324,81,scene00257.jpg,952,540
Ruby,613,3,325,89,scene00258.jpg,952,540
Ruby,621,2,327,73,scene00260.jpg,952,540
Ruby,891,72,61,170,scene00399.jpg,952,540
Ruby,894,69,58,184,scene00400.jpg,952,540
Ruby,883,62,67,166,scene00401.jpg,952,540
Ruby,885,56,67,190,scene00402.jpg,952,540
Ruby,871,56,81,199,scene00403.jpg,952,540
Ruby,870,46,82,191,scene00404.jpg,952,540
Ruby,865,38,86,199,scene00405.jpg,952,540
Ruby,855,37,89,215,scene00406.jpg,952,540
Ruby,871,35,81,205,scene00407.jpg,952,540
Ruby,857,11,94,224,scene00408.jpg,952,540
Ruby,824,27,127,198,scene00409.jpg,952,540
Ruby,834,34,116,187,scene00410.jpg,952,540
Ruby,833,25,119,184,scene00411.jpg,952,540
Ruby,817,28,133,173,scene00412.jpg,952,540
Ruby,792,18,155,184,scene00413.jpg,952,540
Ruby,784,21,161,185,scene00414.jpg,952,540
Ruby,759,24,189,154,scene00415.jpg,952,540
Ruby,751,23,200,173,scene00416.jpg,952,540
Ruby,742,17,208,166,scene00417.jpg,952,540
Ruby,740,31,208,145,scene00418.jpg,952,540
Ruby,717,23,232,154,scene00419.jpg,952,540
Ruby,710,16,237,149,scene00420.jpg,952,540
Ruby,697,14,252,151,scene00421.jpg,952,540
Ruby,688,18,264,129,scene00422.jpg,952,540
Ruby,675,18,270,138,scene00423.jpg,952,540
Ruby,668,11,277,144,scene00424.jpg,952,540
Ruby,653,11,298,151,scene00425.jpg,952,540
Ruby,639,5,308,143,scene00426.jpg,952,540
Ruby,640,4,308,141,scene00427.jpg,952,540
Ruby,634,3,307,163,scene00428.jpg,952,540
Ruby,619,5,323,147,scene00429.jpg,952,540
Ruby,612,3,337,165,scene00430.jpg,952,540
Ruby,601,8,344,157,scene00431.jpg,952,540
Ruby,591,4,357,161,scene00432.jpg,952,540
Ruby,589,7,354,144,scene00433.jpg,952,540
Ruby,574,11,367,184,scene00434.jpg,952,540
Ruby,574,15,354,157,scene00435.jpg,952,540
Ruby,553,17,370,155,scene00436.jpg,952,540
Ruby,545,6,372,160,scene00437.jpg,952,540
Ruby,524,7,374,180,scene00438.jpg,952,540
Ruby,518,8,371,181,scene00439.jpg,952,540
Ruby,511,4,369,178,scene00440.jpg,952,540
Ruby,498,4,383,188,scene00441.jpg,952,540
Ruby,497,0,354,188,scene00442.jpg,952,540
Ruby,489,0,354,199,scene00443.jpg,952,540
Ruby,483,3,342,197,scene00444.jpg,952,540
Ruby,480,5,332,197,scene00445.jpg,952,540
Ruby,460,2,351,207,scene00447.jpg,952,540
Ruby,460,3,338,212,scene00448.jpg,952,540
Ruby,463,6,322,204,scene00449.jpg,952,540
Ruby,452,10,324,210,scene00450.jpg,952,540
Ruby,458,6,326,222,scene00451.jpg,952,540
Ruby,441,6,338,222,scene00452.jpg,952,540
Ruby,442,5,341,223,scene00453.jpg,952,540
Ruby,437,5,331,230,scene00454.jpg,952,540
Ruby,432,5,326,236,scene00455.jpg,952,540
Ruby,433,5,315,224,scene00456.jpg,952,540
Ruby,429,3,306,221,scene00457.jpg,952,540
Ruby,430,8,301,215,scene00458.jpg,952,540
Ruby,426,3,294,223,scene00459.jpg,952,540
Ruby,425,4,294,228,scene00460.jpg,952,540
Ruby,423,9,289,220,scene00461.jpg,952,540
Ruby,425,4,277,222,scene00462.jpg,952,540
Ruby,422,9,275,218,scene00463.jpg,952,540
Ruby,412,6,285,220,scene00464.jpg,952,540
Ruby,405,12,279,219,scene00465.jpg,952,540
Ruby,401,8,285,223,scene00466.jpg,952,540
Ruby,395,6,283,230,scene00467.jpg,952,540
Ruby,392,9,273,226,scene00468.jpg,952,540
Ruby,382,11,282,228,scene00469.jpg,952,540
Ruby,388,11,279,232,scene00470.jpg,952,540
Ruby,383,14,277,233,scene00471.jpg,952,540
Ruby,381,19,273,229,scene00472.jpg,952,540
Ruby,374,21,273,230,scene00473.jpg,952,540
Ruby,380,22,254,226,scene00474.jpg,952,540
Ruby,387,17,242,242,scene00475.jpg,952,540
Ruby,388,18,232,249,scene00476.jpg,952,540
Ruby,403,13,208,251,scene00477.jpg,952,540
Ruby,398,13,199,262,scene00478.jpg,952,540
Ruby,399,12,190,279,scene00479.jpg,952,540
Ruby,394,19,181,267,scene00480.jpg,952,540
Ruby,384,26,193,252,scene00481.jpg,952,540
Ruby,378,12,194,259,scene00482.jpg,952,540
Ruby,395,10,158,270,scene00483.jpg,952,540
Ruby,389,11,161,263,scene00484.jpg,952,540
Ruby,385,7,163,274,scene00485.jpg,952,540
Ruby,388,9,160,282,scene00486.jpg,952,540
Ruby,400,9,151,280,scene00487.jpg,952,540
Ruby,400,7,157,272,scene00488.jpg,952,540
Ruby,405,13,145,256,scene00489.jpg,952,540
Ruby,401,18,155,257,scene00490.jpg,952,540
Ruby,405,6,140,266,scene00491.jpg,952,540
Ruby,399,12,152,259,scene00492.jpg,952,540
Ruby,399,9,168,265,scene00493.jpg,952,540
Ruby,400,16,169,257,scene00494.jpg,952,540
Ruby,407,13,155,261,scene00495.jpg,952,540
Ruby,408,15,177,258,scene00496.jpg,952,540
Ruby,387,11,197,266,scene00497.jpg,952,540
Ruby,397,6,188,270,scene00498.jpg,952,540
Ruby,390,16,190,260,scene00499.jpg,952,540
Ruby,390,18,197,254,scene00500.jpg,952,540
Ruby,388,9,204,257,scene00501.jpg,952,540
Ruby,384,17,220,255,scene00502.jpg,952,540
Ruby,387,19,222,249,scene00503.jpg,952,540
Ruby,380,19,237,246,scene00504.jpg,952,540
Ruby,369,26,244,242,scene00505.jpg,952,540
Ruby,364,36,260,240,scene00506.jpg,952,540
Ruby,355,46,282,245,scene00507.jpg,952,540
Ruby,342,57,297,220,scene00508.jpg,952,540
Ruby,339,58,314,217,scene00509.jpg,952,540
Ruby,327,68,324,195,scene00510.jpg,952,540
Ruby,317,89,342,183,scene00511.jpg,952,540
Ruby,317,95,347,174,scene00512.jpg,952,540
Ruby,303,102,379,156,scene00513.jpg,952,540
Ruby,352,113,336,143,scene00514.jpg,952,540
Ruby,377,109,321,149,scene00515.jpg,952,540
Ruby,353,103,352,143,scene00516.jpg,952,540
Ruby,381,103,337,153,scene00517.jpg,952,540
Ruby,373,112,348,150,scene00518.jpg,952,540
Ruby,365,113,358,145,scene00519.jpg,952,540
Ruby,363,127,369,132,scene00520.jpg,952,540
Ruby,355,123,390,142,scene00521.jpg,952,540
Ruby,372,126,378,146,scene00522.jpg,952,540
Ruby,381,135,371,136,scene00523.jpg,952,540
Ruby,387,123,380,153,scene00524.jpg,952,540
Ruby,391,123,384,166,scene00525.jpg,952,540
Ruby,394,122,397,169,scene00526.jpg,952,540
Ruby,405,102,394,200,scene00527.jpg,952,540
Ruby,428,105,379,212,scene00528.jpg,952,540
Ruby,439,113,370,196,scene00529.jpg,952,540
Ruby,435,114,370,205,scene00530.jpg,952,540
Ruby,458,143,354,195,scene00531.jpg,952,540
Ruby,469,144,352,203,scene00532.jpg,952,540
Ruby,490,143,324,219,scene00533.jpg,952,540
Ruby,507,143,305,239,scene00534.jpg,952,540
Ruby,524,135,294,260,scene00535.jpg,952,540
Ruby,519,139,300,264,scene00536.jpg,952,540
Selwyn,352,72,367,240,scene00001.jpg,952,540
Selwyn,269,54,396,195,scene00010.jpg,952,540
Selwyn,279,73,372,143,scene00011.jpg,952,540
Selwyn,277,57,357,160,scene00012.jpg,952,540
Selwyn,259,59,362,162,scene00013.jpg,952,540
Selwyn,268,57,344,150,scene00014.jpg,952,540
Selwyn,264,59,337,163,scene00015.jpg,952,540
Selwyn,251,66,353,140,scene00016.jpg,952,540
Selwyn,258,61,340,155,scene00017.jpg,952,540
Selwyn,240,59,357,147,scene00018.jpg,952,540
Selwyn,777,68,174,151,scene00180.jpg,952,540
Selwyn,775,67,176,214,scene00183.jpg,952,540
Selwyn,767,52,181,231,scene00184.jpg,952,540
Selwyn,761,56,181,236,scene00185.jpg,952,540
Selwyn,252,58,345,164,scene00019.jpg,952,540
Selwyn,349,61,378,205,scene00002.jpg,952,540
Selwyn,249,57,337,184,scene00020.jpg,952,540
Selwyn,252,53,322,186,scene00021.jpg,952,540
Selwyn,243,100,324,185,scene00022.jpg,952,540
Selwyn,253,55,311,198,scene00023.jpg,952,540
Selwyn,248,47,309,217,scene00024.jpg,952,540
Selwyn,255,36,290,232,scene00025.jpg,952,540
Selwyn,254,26,290,245,scene00026.jpg,952,540
Selwyn,243,26,287,256,scene00027.jpg,952,540
Selwyn,248,17,286,256,scene00028.jpg,952,540
Selwyn,243,12,288,264,scene00029.jpg,952,540
Selwyn,341,59,360,183,scene00003.jpg,952,540
Selwyn,243,3,257,282,scene00030.jpg,952,540
Selwyn,243,11,262,272,scene00031.jpg,952,540
Selwyn,244,7,246,280,scene00032.jpg,952,540
Selwyn,250,2,211,294,scene00033.jpg,952,540
Selwyn,241,6,232,293,scene00034.jpg,952,540
Selwyn,240,5,229,283,scene00035.jpg,952,540
Selwyn,243,8,222,284,scene00036.jpg,952,540
Selwyn,248,8,209,286,scene00037.jpg,952,540
Selwyn,258,2,185,300,scene00038.jpg,952,540
Selwyn,255,3,176,304,scene00039.jpg,952,540
Selwyn,341,57,372,191,scene00004.jpg,952,540
Selwyn,271,2,160,305,scene00040.jpg,952,540
Selwyn,277,4,142,307,scene00041.jpg,952,540
Selwyn,267,4,155,319,scene00042.jpg,952,540
Selwyn,269,2,149,325,scene00043.jpg,952,540
Selwyn,278,5,156,316,scene00044.jpg,952,540
Selwyn,285,4,155,318,scene00045.jpg,952,540
Selwyn,265,1,184,320,scene00046.jpg,952,540
Selwyn,279,5,179,310,scene00047.jpg,952,540
Selwyn,277,5,193,314,scene00048.jpg,952,540
Selwyn,277,4,197,320,scene00049.jpg,952,540
Selwyn,333,65,366,169,scene00005.jpg,952,540
Selwyn,279,18,193,311,scene00050.jpg,952,540
Selwyn,272,22,209,313,scene00051.jpg,952,540
Selwyn,271,28,211,314,scene00052.jpg,952,540
Selwyn,251,43,241,309,scene00053.jpg,952,540
Selwyn,215,63,261,303,scene00054.jpg,952,540
Selwyn,234,59,277,305,scene00055.jpg,952,540
Selwyn,221,68,288,301,scene00056.jpg,952,540
Selwyn,209,83,306,294,scene00057.jpg,952,540
Selwyn,207,84,316,302,scene00058.jpg,952,540
Selwyn,213,107,317,281,scene00059.jpg,952,540
Selwyn,319,54,368,177,scene00006.jpg,952,540
Selwyn,218,117,316,279,scene00060.jpg,952,540
Selwyn,229,117,306,282,scene00061.jpg,952,540
Selwyn,242,118,305,288,scene00062.jpg,952,540
Selwyn,255,114,300,301,scene00063.jpg,952,540
Selwyn,265,112,295,301,scene00064.jpg,952,540
Selwyn,270,112,291,304,scene00065.jpg,952,540
Selwyn,282,109,282,315,scene00066.jpg,952,540
Selwyn,289,116,282,323,scene00067.jpg,952,540
Selwyn,302,116,278,326,scene00068.jpg,952,540
Selwyn,322,121,260,327,scene00069.jpg,952,540
Selwyn,307,67,378,184,scene00007.jpg,952,540
Selwyn,311,136,280,318,scene00070.jpg,952,540
Selwyn,301,148,293,308,scene00071.jpg,952,540
Selwyn,300,159,309,310,scene00072.jpg,952,540
Selwyn,318,171,300,295,scene00073.jpg,952,540
Selwyn,345,162,282,312,scene00074.jpg,952,540
Selwyn,361,156,273,326,scene00075.jpg,952,540
Selwyn,372,148,271,338,scene00076.jpg,952,540
Selwyn,389,163,264,331,scene00077.jpg,952,540
Selwyn,387,168,268,337,scene00078.jpg,952,540
Selwyn,391,176,269,351,scene00079.jpg,952,540
Selwyn,302,69,386,180,scene00008.jpg,952,540
Selwyn,374,189,294,340,scene00080.jpg,952,540
Selwyn,378,211,292,324,scene00081.jpg,952,540
Selwyn,367,221,314,317,scene00082.jpg,952,540
Selwyn,361,243,340,290,scene00083.jpg,952,540
Selwyn,379,257,325,283,scene00084.jpg,952,540
Selwyn,390,247,324,293,scene00085.jpg,952,540
Selwyn,413,263,309,274,scene00086.jpg,952,540
Selwyn,410,253,321,280,scene00087.jpg,952,540
Selwyn,425,257,297,274,scene00088.jpg,952,540
Selwyn,430,271,313,269,scene00089.jpg,952,540
Selwyn,292,58,388,177,scene00009.jpg,952,540
Selwyn,430,282,328,256,scene00090.jpg,952,540
Siobhan,684,439,129,101,scene00170.jpg,952,540
Siobhan,688,422,120,113,scene00171.jpg,952,540
Siobhan,683,422,144,118,scene00172.jpg,952,540
Siobhan,683,408,150,131,scene00173.jpg,952,540
Siobhan,674,392,171,145,scene00174.jpg,952,540
Siobhan,674,386,164,149,scene00175.jpg,952,540
Siobhan,680,386,165,147,scene00176.jpg,952,540
Siobhan,679,372,163,166,scene00177.jpg,952,540
Siobhan,688,366,151,171,scene00178.jpg,952,540
Siobhan,687,352,145,182,scene00179.jpg,952,540
Siobhan,694,342,150,192,scene00180.jpg,952,540
Siobhan,703,344,149,187,scene00181.jpg,952,540
Siobhan,703,338,150,196,scene00182.jpg,952,540
Siobhan,701,335,153,198,scene00183.jpg,952,540
Siobhan,695,331,159,207,scene00184.jpg,952,540
Siobhan,698,325,156,208,scene00185.jpg,952,540
Siobhan,693,324,151,211,scene00186.jpg,952,540
Siobhan,681,319,162,217,scene00187.jpg,952,540
Siobhan,683,314,160,222,scene00188.jpg,952,540
Siobhan,680,297,163,240,scene00189.jpg,952,540
Siobhan,672,290,161,248,scene00190.jpg,952,540
Siobhan,660,286,170,250,scene00191.jpg,952,540
Siobhan,661,269,163,267,scene00192.jpg,952,540
Siobhan,662,257,153,277,scene00193.jpg,952,540
Siobhan,662,259,157,278,scene00194.jpg,952,540
Siobhan,662,239,159,294,scene00195.jpg,952,540
Siobhan,659,241,150,294,scene00196.jpg,952,540
Siobhan,658,231,162,309,scene00197.jpg,952,540
Siobhan,662,225,158,311,scene00198.jpg,952,540
Siobhan,664,207,143,333,scene00199.jpg,952,540
Siobhan,673,205,128,329,scene00200.jpg,952,540
Siobhan,665,199,130,332,scene00201.jpg,952,540
Siobhan,674,196,120,329,scene00202.jpg,952,540
Siobhan,665,189,142,346,scene00203.jpg,952,540
Siobhan,663,181,147,353,scene00204.jpg,952,540
Siobhan,652,187,142,345,scene00205.jpg,952,540
Siobhan,647,182,148,349,scene00206.jpg,952,540
Siobhan,634,172,166,361,scene00207.jpg,952,540
Siobhan,632,164,169,372,scene00208.jpg,952,540
Siobhan,614,162,183,366,scene00209.jpg,952,540
Siobhan,610,149,197,372,scene00210.jpg,952,540
Siobhan,609,146,203,369,scene00211.jpg,952,540
Siobhan,607,135,208,367,scene00212.jpg,952,540
Siobhan,595,128,228,358,scene00213.jpg,952,540
Siobhan,595,116,237,362,scene00214.jpg,952,540
Siobhan,584,119,254,347,scene00215.jpg,952,540
Siobhan,579,98,264,363,scene00216.jpg,952,540
Siobhan,575,106,272,345,scene00217.jpg,952,540
Siobhan,563,95,304,340,scene00218.jpg,952,540
Siobhan,558,93,296,332,scene00219.jpg,952,540
Siobhan,549,93,300,324,scene00220.jpg,952,540
Siobhan,537,84,310,322,scene00221.jpg,952,540
Siobhan,519,91,322,311,scene00222.jpg,952,540
Siobhan,508,96,317,302,scene00223.jpg,952,540
Siobhan,491,97,327,306,scene00224.jpg,952,540
Siobhan,470,94,331,291,scene00225.jpg,952,540
Siobhan,462,94,330,283,scene00226.jpg,952,540
Siobhan,460,101,333,264,scene00227.jpg,952,540
Siobhan,437,111,340,252,scene00228.jpg,952,540
Siobhan,430,108,354,247,scene00229.jpg,952,540
Siobhan,412,113,367,221,scene00230.jpg,952,540
Siobhan,405,119,377,199,scene00231.jpg,952,540
Siobhan,394,117,390,181,scene00232.jpg,952,540
Siobhan,388,112,368,165,scene00233.jpg,952,540
Siobhan,378,119,380,152,scene00234.jpg,952,540
Siobhan,368,101,386,168,scene00235.jpg,952,540
Siobhan,371,108,386,152,scene00236.jpg,952,540
Siobhan,342,119,417,144,scene00237.jpg,952,540
Siobhan,341,117,404,137,scene00238.jpg,952,540
Siobhan,324,114,416,140,scene00239.jpg,952,540
Siobhan,332,116,411,133,scene00240.jpg,952,540
Siobhan,320,118,425,140,scene00241.jpg,952,540
Siobhan,319,114,411,145,scene00242.jpg,952,540
Siobhan,313,122,405,145,scene00243.jpg,952,540
Siobhan,305,116,399,158,scene00244.jpg,952,540
Siobhan,313,113,381,180,scene00245.jpg,952,540
Siobhan,317,106,360,186,scene00246.jpg,952,540
Siobhan,310,105,353,198,scene00247.jpg,952,540
Siobhan,324,102,317,221,scene00248.jpg,952,540
Siobhan,325,91,298,229,scene00249.jpg,952,540
Siobhan,315,82,306,247,scene00250.jpg,952,540
Siobhan,303,60,297,268,scene00251.jpg,952,540
Siobhan,308,49,286,288,scene00252.jpg,952,540
Siobhan,305,33,272,313,scene00253.jpg,952,540
Siobhan,305,23,257,323,scene00254.jpg,952,540
Siobhan,312,16,232,336,scene00255.jpg,952,540
Siobhan,309,14,226,343,scene00256.jpg,952,540
Siobhan,300,17,220,344,scene00257.jpg,952,540
Siobhan,309,6,214,353,scene00258.jpg,952,540
Siobhan,308,12,191,353,scene00259.jpg,952,540
Siobhan,304,10,181,363,scene00260.jpg,952,540
Siobhan,299,6,183,372,scene00261.jpg,952,540
Siobhan,305,9,162,375,scene00262.jpg,952,540
Siobhan,308,9,164,373,scene00263.jpg,952,540
Siobhan,300,12,155,382,scene00264.jpg,952,540
Siobhan,308,15,134,368,scene00265.jpg,952,540
Siobhan,307,22,148,363,scene00266.jpg,952,540
Siobhan,298,27,157,366,scene00267.jpg,952,540
Siobhan,301,24,157,364,scene00268.jpg,952,540
Siobhan,309,22,138,376,scene00269.jpg,952,540
Siobhan,310,33,131,360,scene00270.jpg,952,540
Siobhan,307,38,154,358,scene00271.jpg,952,540
Siobhan,303,29,143,366,scene00272.jpg,952,540
Siobhan,297,37,151,374,scene00273.jpg,952,540
Siobhan,296,37,157,359,scene00274.jpg,952,540
Siobhan,302,39,149,363,scene00275.jpg,952,540
Siobhan,300,48,150,360,scene00276.jpg,952,540
Siobhan,302,45,148,366,scene00277.jpg,952,540
Siobhan,290,50,167,366,scene00278.jpg,952,540
Siobhan,296,50,185,365,scene00279.jpg,952,540
Siobhan,295,46,192,385,scene00280.jpg,952,540
Siobhan,293,55,191,357,scene00281.jpg,952,540
Siobhan,305,56,163,357,scene00282.jpg,952,540
Siobhan,299,63,178,358,scene00283.jpg,952,540
Siobhan,308,58,170,370,scene00284.jpg,952,540
Siobhan,291,59,198,372,scene00285.jpg,952,540
Siobhan,298,65,189,362,scene00286.jpg,952,540
Siobhan,268,55,209,361,scene00287.jpg,952,540
Siobhan,275,63,220,361,scene00288.jpg,952,540
Siobhan,263,68,222,357,scene00289.jpg,952,540
Siobhan,271,68,212,356,scene00290.jpg,952,540
Siobhan,272,69,212,373,scene00291.jpg,952,540
Siobhan,266,70,214,368,scene00292.jpg,952,540
Siobhan,265,68,226,368,scene00293.jpg,952,540
Siobhan,258,73,242,368,scene00294.jpg,952,540
Siobhan,252,72,236,371,scene00295.jpg,952,540
Siobhan,250,83,232,351,scene00296.jpg,952,540
Siobhan,235,87,254,346,scene00297.jpg,952,540
Siobhan,235,96,247,339,scene00298.jpg,952,540
Siobhan,250,92,250,355,scene00299.jpg,952,540
Siobhan,265,91,227,346,scene00300.jpg,952,540
Siobhan,264,77,238,366,scene00301.jpg,952,540
Siobhan,271,74,242,378,scene00302.jpg,952,540
Siobhan,274,73,248,393,scene00303.jpg,952,540
Siobhan,282,69,231,403,scene00304.jpg,952,540
Siobhan,283,79,239,373,scene00305.jpg,952,540
Siobhan,284,77,248,390,scene00306.jpg,952,540
Siobhan,280,84,254,393,scene00307.jpg,952,540
Siobhan,282,92,247,379,scene00308.jpg,952,540
Siobhan,272,92,280,377,scene00309.jpg,952,540
Siobhan,280,96,255,390,scene00310.jpg,952,540
Siobhan,290,97,248,392,scene00311.jpg,952,540
Siobhan,285,102,266,383,scene00312.jpg,952,540
Siobhan,286,118,269,381,scene00313.jpg,952,540
Siobhan,283,115,272,378,scene00314.jpg,952,540
Siobhan,285,112,267,381,scene00315.jpg,952,540
Siobhan,277,109,290,397,scene00316.jpg,952,540
Siobhan,283,124,280,379,scene00317.jpg,952,540
Siobhan,277,116,300,405,scene00318.jpg,952,540
Siobhan,274,122,301,391,scene00319.jpg,952,540
Siobhan,290,134,288,380,scene00320.jpg,952,540
Siobhan,294,144,286,369,scene00321.jpg,952,540
Siobhan,295,139,282,374,scene00322.jpg,952,540
Siobhan,295,145,290,374,scene00323.jpg,952,540
Siobhan,291,146,294,378,scene00324.jpg,952,540
Siobhan,302,147,299,378,scene00325.jpg,952,540
Siobhan,305,156,297,376,scene00326.jpg,952,540
Siobhan,305,154,293,375,scene00327.jpg,952,540
Siobhan,318,165,280,363,scene00328.jpg,952,540
Siobhan,319,164,294,364,scene00329.jpg,952,540
Siobhan,329,164,279,370,scene00330.jpg,952,540
Siobhan,332,175,278,359,scene00331.jpg,952,540
Siobhan,332,174,281,362,scene00332.jpg,952,540
Siobhan,341,179,274,357,scene00333.jpg,952,540
Siobhan,337,184,290,355,scene00334.jpg,952,540
Siobhan,351,182,290,349,scene00335.jpg,952,540
Siobhan,362,193,288,339,scene00336.jpg,952,540
Siobhan,378,193,275,339,scene00337.jpg,952,540
Siobhan,379,195,295,339,scene00338.jpg,952,540
Siobhan,372,207,310,326,scene00339.jpg,952,540
Siobhan,368,211,320,318,scene00340.jpg,952,540
Siobhan,362,224,336,310,scene00341.jpg,952,540
Siobhan,355,229,346,295,scene00342.jpg,952,540
Siobhan,339,251,359,282,scene00343.jpg,952,540
Siobhan,333,253,382,281,scene00344.jpg,952,540
Siobhan,315,260,400,270,scene00345.jpg,952,540
Siobhan,305,272,427,260,scene00346.jpg,952,540
Siobhan,304,289,430,246,scene00347.jpg,952,540
Siobhan,304,299,429,217,scene00348.jpg,952,540
Siobhan,298,314,438,202,scene00349.jpg,952,540
Siobhan,301,326,439,187,scene00350.jpg,952,540
Siobhan,302,327,450,186,scene00351.jpg,952,540
Siobhan,309,335,443,173,scene00352.jpg,952,540
Siobhan,309,344,469,179,scene00353.jpg,952,540
Siobhan,313,349,451,178,scene00354.jpg,952,540
Siobhan,329,361,436,150,scene00355.jpg,952,540
Siobhan,323,364,444,151,scene00356.jpg,952,540
Siobhan,345,349,437,156,scene00357.jpg,952,540
Siobhan,340,336,470,186,scene00358.jpg,952,540
Siobhan,352,337,442,185,scene00359.jpg,952,540
Siobhan,361,336,433,171,scene00360.jpg,952,540
Siobhan,363,338,432,165,scene00361.jpg,952,540
Siobhan,373,343,437,166,scene00362.jpg,952,540
Siobhan,377,354,446,163,scene00363.jpg,952,540
Siobhan,380,361,444,152,scene00364.jpg,952,540
Siobhan,369,359,461,157,scene00365.jpg,952,540
Siobhan,370,369,459,144,scene00366.jpg,952,540
Siobhan,378,376,470,132,scene00367.jpg,952,540
Siobhan,397,355,430,152,scene00368.jpg,952,540
Siobhan,424,345,407,160,scene00369.jpg,952,540
Siobhan,445,317,404,187,scene00370.jpg,952,540
Siobhan,451,317,380,190,scene00371.jpg,952,540
Siobhan,451,301,377,202,scene00372.jpg,952,540
Siobhan,458,303,379,220,scene00373.jpg,952,540
Siobhan,472,289,365,210,scene00374.jpg,952,540
Siobhan,462,283,383,226,scene00375.jpg,952,540
Siobhan,471,275,363,238,scene00376.jpg,952,540
Siobhan,486,265,356,241,scene00377.jpg,952,540
Siobhan,492,262,363,243,scene00378.jpg,952,540
Siobhan,500,253,355,263,scene00379.jpg,952,540
Siobhan,518,243,340,282,scene00380.jpg,952,540
Siobhan,524,241,333,284,scene00381.jpg,952,540
Siobhan,529,233,338,301,scene00382.jpg,952,540
Siobhan,549,228,313,312,scene00383.jpg,952,540
Siobhan,558,214,311,322,scene00384.jpg,952,540
Siobhan,564,213,306,319,scene00385.jpg,952,540
Siobhan,573,211,299,323,scene00386.jpg,952,540
Siobhan,592,207,281,324,scene00387.jpg,952,540
Siobhan,600,202,272,325,scene00388.jpg,952,540
Siobhan,587,189,270,318,scene00389.jpg,952,540
Siobhan,599,159,271,343,scene00390.jpg,952,540
Siobhan,601,153,274,335,scene00391.jpg,952,540
Siobhan,614,133,247,344,scene00392.jpg,952,540
Siobhan,613,129,249,335,scene00393.jpg,952,540
Siobhan,637,124,212,332,scene00394.jpg,952,540
Siobhan,669,114,179,353,scene00395.jpg,952,540
Siobhan,669,114,176,353,scene00396.jpg,952,540
Siobhan,678,103,156,361,scene00397.jpg,952,540
Siobhan,693,96,140,368,scene00398.jpg,952,540
Siobhan,682,92,141,360,scene00399.jpg,952,540
Siobhan,675,86,155,350,scene00400.jpg,952,540
Siobhan,673,78,159,352,scene00401.jpg,952,540
Siobhan,655,83,179,344,scene00402.jpg,952,540
Siobhan,645,71,189,350,scene00403.jpg,952,540
Siobhan,632,76,202,338,scene00404.jpg,952,540
Siobhan,620,72,220,336,scene00405.jpg,952,540
Siobhan,607,71,245,325,scene00406.jpg,952,540
Siobhan,604,65,236,311,scene00407.jpg,952,540
Siobhan,590,58,258,309,scene00408.jpg,952,540
Siobhan,585,55,267,292,scene00409.jpg,952,540
Siobhan,578,52,274,293,scene00410.jpg,952,540
Siobhan,567,48,290,265,scene00411.jpg,952,540
Siobhan,559,42,299,280,scene00412.jpg,952,540
Siobhan,550,37,323,265,scene00413.jpg,952,540
Siobhan,542,23,327,266,scene00414.jpg,952,540
Siobhan,541,15,327,250,scene00415.jpg,952,540
Siobhan,538,7,325,242,scene00416.jpg,952,540
Siobhan,533,2,323,226,scene00417.jpg,952,540
Siobhan,548,6,316,214,scene00418.jpg,952,540
Siobhan,535,3,298,216,scene00419.jpg,952,540
Siobhan,530,7,293,196,scene00420.jpg,952,540
Siobhan,534,3,283,211,scene00421.jpg,952,540
Siobhan,531,4,258,221,scene00422.jpg,952,540
Siobhan,527,4,247,205,scene00423.jpg,952,540
Siobhan,521,4,227,215,scene00424.jpg,952,540
Siobhan,504,6,189,203,scene00425.jpg,952,540
Siobhan,505,5,187,210,scene00426.jpg,952,540
Siobhan,492,6,189,219,scene00428.jpg,952,540
Siobhan,502,5,161,220,scene00429.jpg,952,540
